,Rank,Title,Worldwide Lifetime Gross,Domestic Lifetime Gross,Domestic %,Foreign Lifetime Gross,Foreign %,Year
0,1,Avatar,"$2,923,706,026","$785,221,649",26.9%,"$2,138,484,377",73.1%,2009
1,2,Avengers: Endgame,"$2,799,439,100","$858,373,000",30.7%,"$1,941,066,100",69.3%,2019
2,3,Avatar: The Way of Water,"$2,269,892,187","$667,830,000",29.4%,"$1,602,062,187",70.6%,2022
3,4,Titanic,"$2,254,343,136","$674,067,680",29.9%,"$1,580,275,456",70.1%,1997
4,5,Star Wars: Episode VII - The Force Awakens,"$2,071,310,218","$936,662,225",45.2%,"$1,134,647,993",54.8%,2015
5,6,Avengers: Infinity War,"$2,052,415,039","$678,815,482",33.1%,"$1,373,599,557",66.9%,2018
6,7,Spider-Man: No Way Home,"$1,921,847,111","$814,115,070",42.4%,"$1,107,732,041",57.6%,2021
7,8,Jurassic World,"$1,671,537,444","$653,406,625",39.1%,"$1,018,130,819",60.9%,2015
8,9,The Lion King,"$1,663,075,401","$543,638,043",32.7%,"$1,119,437,358",67.3%,2019
9,10,The Avengers,"$1,520,538,536","$623,357,910",41%,"$897,180,626",59%,2012
10,11,Furious 7,"$1,515,341,399","$353,007,020",23.3%,"$1,162,334,379",76.7%,2015
11,12,Top Gun: Maverick,"$1,493,491,858","$718,732,821",48.1%,"$774,759,037",51.9%,2022
12,13,Frozen II,"$1,453,683,476","$477,373,578",32.8%,"$976,309,898",67.2%,2019
13,14,Avengers: Age of Ultron,"$1,405,018,048","$459,005,868",32.7%,"$946,012,180",67.3%,2015
14,15,Black Panther,"$1,349,926,083","$700,426,566",51.9%,"$649,499,517",48.1%,2018
15,16,Harry Potter and the Deathly Hallows: Part 2,"$1,342,359,942","$381,447,587",28.4%,"$960,912,355",71.6%,2011
16,17,Star Wars: Episode VIII - The Last Jedi,"$1,334,407,706","$620,181,382",46.5%,"$714,226,324",53.5%,2017
17,18,Jurassic World: Fallen Kingdom,"$1,310,466,296","$417,719,760",31.9%,"$892,746,536",68.1%,2018
18,19,Frozen,"$1,284,540,518","$400,953,009",31.2%,"$883,587,509",68.8%,2013
19,20,Beauty and the Beast,"$1,266,115,964","$504,481,165",39.8%,"$761,634,799",60.2%,2017
20,21,Incredibles 2,"$1,243,225,667","$608,581,744",49%,"$634,643,923",51%,2018
21,22,The Fate of the Furious,"$1,236,005,118","$226,008,385",18.3%,"$1,009,996,733",81.7%,2017
22,23,Iron Man 3,"$1,215,577,205","$409,013,994",33.6%,"$806,563,211",66.4%,2013
23,24,Minions,"$1,159,444,662","$336,045,770",29%,"$823,398,892",71%,2015
24,25,Captain America: Civil War,"$1,155,046,416","$408,084,349",35.3%,"$746,962,067",64.7%,2016
25,26,Aquaman,"$1,148,528,393","$335,104,314",29.2%,"$813,424,079",70.8%,2018
26,27,The Lord of the Rings: The Return of the King,"$1,146,457,748","$378,251,207",33%,"$768,206,541",67%,2003
27,28,Skyfall,"$1,142,471,295","$304,360,277",26.6%,"$838,111,018",73.4%,2012
28,29,Spider-Man: Far from Home,"$1,131,927,996","$390,532,085",34.5%,"$741,395,911",65.5%,2019
29,30,Captain Marvel,"$1,131,416,446","$426,829,839",37.7%,"$704,586,607",62.3%,2019
30,31,Transformers: Dark of the Moon,"$1,123,794,079","$352,390,543",31.4%,"$771,403,536",68.6%,2011
31,32,Jurassic Park,"$1,109,802,321","$404,214,720",36.4%,"$705,587,601",63.6%,1993
32,33,Transformers: Age of Extinction,"$1,104,054,072","$245,439,076",22.2%,"$858,614,996",77.8%,2014
33,34,The Dark Knight Rises,"$1,081,169,825","$448,149,584",41.4%,"$633,020,241",58.6%,2012
34,35,Star Wars: Episode IX - The Rise of Skywalker,"$1,077,022,372","$515,202,542",47.8%,"$561,819,830",52.2%,2019
35,36,Joker,"$1,074,458,282","$335,477,657",31.2%,"$738,980,625",68.8%,2019
36,37,Toy Story 4,"$1,073,841,394","$434,038,008",40.4%,"$639,803,386",59.6%,2019
37,38,Toy Story 3,"$1,067,316,101","$415,004,880",38.9%,"$652,311,221",61.1%,2010
38,39,Pirates of the Caribbean: Dead Man's Chest,"$1,066,179,747","$423,315,812",39.7%,"$642,863,935",60.3%,2006
39,40,Rogue One: A Star Wars Story,"$1,058,682,142","$533,539,991",50.4%,"$525,142,151",49.6%,2016
40,41,Aladdin,"$1,054,304,000","$355,559,216",33.7%,"$698,744,784",66.3%,2019
41,42,Pirates of the Caribbean: On Stranger Tides,"$1,046,721,266","$241,071,802",23%,"$805,649,464",77%,2011
42,43,Despicable Me 3,"$1,034,800,131","$264,624,300",25.6%,"$770,175,831",74.4%,2017
43,44,Finding Dory,"$1,029,266,989","$486,295,561",47.2%,"$542,971,428",52.8%,2016
44,45,Star Wars: Episode I - The Phantom Menace,"$1,027,082,707","$474,544,677",46.2%,"$552,538,030",53.8%,1999
45,46,Zootopia,"$1,025,521,689","$341,268,248",33.3%,"$684,253,441",66.7%,2016
46,47,Alice in Wonderland,"$1,025,468,216","$334,191,110",32.6%,"$691,277,106",67.4%,2010
47,48,Harry Potter and the Sorcerer's Stone,"$1,023,842,938","$318,886,962",31.2%,"$704,955,976",68.8%,2001
48,49,The Hobbit: An Unexpected Journey,"$1,017,030,651","$303,030,651",29.8%,"$714,000,000",70.2%,2012
49,50,The Dark Knight,"$1,006,234,167","$534,987,076",53.2%,"$471,247,091",46.8%,2008
50,51,Jurassic World: Dominion,"$1,001,978,080","$376,851,080",37.6%,"$625,127,000",62.4%,2022
51,52,Jumanji: Welcome to the Jungle,"$995,339,117","$404,540,171",40.6%,"$590,798,946",59.4%,2017
52,53,Harry Potter and the Deathly Hallows: Part 1,"$977,070,383","$296,374,621",30.3%,"$680,695,762",69.7%,2010
53,54,Despicable Me 2,"$970,766,005","$368,065,385",37.9%,"$602,700,620",62.1%,2013
54,55,The Lion King,"$968,511,805","$422,783,777",43.6%,"$545,728,028",56.4%,1994
55,56,The Jungle Book,"$967,724,775","$364,001,123",37.6%,"$603,723,652",62.4%,2016
56,57,The Hobbit: The Battle of the Five Armies,"$962,201,338","$255,138,261",26.5%,"$707,063,077",73.5%,2014
57,58,Pirates of the Caribbean: At World's End,"$961,691,209","$309,420,425",32.2%,"$652,270,784",67.8%,2007
58,59,The Hobbit: The Desolation of Smaug,"$959,027,992","$258,387,334",26.9%,"$700,640,658",73.1%,2013
59,60,Doctor Strange in the Multiverse of Madness,"$955,775,804","$411,331,607",43%,"$544,444,197",57%,2022
60,61,The Lord of the Rings: The Two Towers,"$947,944,270","$342,952,511",36.2%,"$604,991,759",63.8%,2002
61,62,Harry Potter and the Order of the Phoenix,"$942,278,045","$292,382,727",31%,"$649,895,318",69%,2007
62,63,Finding Nemo,"$941,637,960","$380,843,261",40.4%,"$560,794,699",59.6%,2003
63,64,Minions: The Rise of Gru,"$939,628,210","$369,695,210",39.3%,"$569,933,000",60.7%,2022
64,65,Harry Potter and the Half-Blood Prince,"$934,519,387","$302,334,374",32.4%,"$632,185,013",67.6%,2009
65,66,Shrek 2,"$928,760,770","$441,226,247",47.5%,"$487,534,523",52.5%,2004
66,67,Harry Potter and the Chamber of Secrets,"$925,668,380","$262,641,637",28.4%,"$663,026,743",71.6%,2002
67,68,Bohemian Rhapsody,"$910,809,311","$216,668,042",23.8%,"$694,141,269",76.2%,2018
68,69,The Battle at Lake Changjin,"$902,548,476","$342,411",<0.1%,"$902,206,065",100%,2021
69,70,The Lord of the Rings: The Fellowship of the Ring,"$898,204,420","$316,115,420",35.2%,"$582,089,000",64.8%,2001
70,71,Harry Potter and the Goblet of Fire,"$896,815,106","$290,469,928",32.4%,"$606,345,178",67.6%,2005
71,72,Spider-Man 3,"$894,983,373","$336,530,303",37.6%,"$558,453,070",62.4%,2007
72,73,The Secret Life of Pets,"$894,328,469","$368,384,330",41.2%,"$525,944,139",58.8%,2016
73,74,Ice Age: Dawn of the Dinosaurs,"$886,686,817","$196,573,705",22.2%,"$690,113,112",77.8%,2009
74,75,Spectre,"$880,705,312","$200,074,609",22.7%,"$680,630,703",77.3%,2015
75,76,Spider-Man: Homecoming,"$880,166,924","$334,201,140",38%,"$545,965,784",62%,2017
76,77,Ice Age: Continental Drift,"$877,244,782","$161,321,843",18.4%,"$715,922,939",81.6%,2012
77,78,Batman v Superman: Dawn of Justice,"$873,637,528","$330,360,194",37.8%,"$543,277,334",62.2%,2016
78,79,Wolf Warrior 2,"$870,325,439","$2,721,100",0.3%,"$867,604,339",99.7%,2017
79,80,Star Wars: Episode III - Revenge of the Sith,"$868,390,560","$380,270,577",43.8%,"$488,119,983",56.2%,2005
80,81,The Hunger Games: Catching Fire,"$865,011,746","$424,668,047",49.1%,"$440,343,699",50.9%,2013
81,82,Guardians of the Galaxy Vol. 2,"$863,756,051","$389,813,101",45.1%,"$473,942,950",54.9%,2017
82,83,Inside Out,"$858,848,019","$356,921,711",41.6%,"$501,926,308",58.4%,2015
83,84,Black Panther: Wakanda Forever,"$858,547,869","$453,810,000",52.9%,"$404,737,869",47.1%,2022
84,85,Venom,"$856,085,151","$213,515,506",24.9%,"$642,569,645",75.1%,2018
85,86,Thor: Ragnarok,"$855,301,806","$315,058,289",36.8%,"$540,243,517",63.2%,2017
86,87,The Twilight Saga: Breaking Dawn - Part 2,"$848,853,382","$292,324,737",34.4%,"$556,528,645",65.6%,2012
87,88,Inception,"$836,504,484","$292,587,330",35%,"$543,917,154",65%,2010
88,89,Transformers: Revenge of the Fallen,"$836,303,693","$402,111,870",48.1%,"$434,191,823",51.9%,2009
89,90,Spider-Man,"$825,025,036","$407,022,860",49.3%,"$418,002,176",50.7%,2002
90,91,Wonder Woman,"$822,854,286","$412,845,172",50.2%,"$410,009,114",49.8%,2017
91,92,"Hi, Mom","$822,009,764",-,-,"$822,009,764",100%,2021
92,93,Independence Day,"$817,400,891","$306,169,268",37.5%,"$511,231,623",62.5%,1996
93,94,Coco,"$814,337,054","$210,460,015",25.8%,"$603,877,039",74.2%,2017
94,95,Fantastic Beasts and Where to Find Them,"$814,044,001","$234,037,575",28.8%,"$580,006,426",71.2%,2016
95,96,Shrek the Third,"$813,367,380","$322,719,944",39.7%,"$490,647,436",60.3%,2007
96,97,Jumanji: The Next Level,"$801,693,929","$320,314,960",40%,"$481,378,969",60%,2019
97,98,Harry Potter and the Prisoner of Azkaban,"$797,660,766","$250,105,651",31.4%,"$547,555,115",68.6%,2004
98,99,Pirates of the Caribbean: Dead Men Tell No Tales,"$795,922,298","$172,558,876",21.7%,"$623,363,422",78.3%,2017
99,100,E.T. the Extra-Terrestrial,"$792,910,554","$437,141,279",55.1%,"$355,769,275",44.9%,1982
100,101,Mission: Impossible - Fallout,"$791,657,398","$220,159,104",27.8%,"$571,498,294",72.2%,2018
101,102,2012,"$791,217,826","$166,112,167",21%,"$625,105,659",79%,2009
102,103,Indiana Jones and the Kingdom of the Crystal Skull,"$790,653,942","$317,101,119",40.1%,"$473,552,823",59.9%,2008
103,104,Spider-Man 2,"$788,976,453","$373,585,825",47.4%,"$415,390,628",52.6%,2004
104,105,Fast & Furious 6,"$788,680,968","$238,679,850",30.3%,"$550,001,118",69.7%,2013
105,106,Deadpool 2,"$785,896,609","$324,591,735",41.3%,"$461,304,874",58.7%,2018
106,107,Deadpool,"$782,836,791","$363,070,709",46.4%,"$419,766,082",53.6%,2016
107,108,Star Wars: Episode IV - A New Hope,"$775,398,007","$460,998,507",59.4%,"$314,399,500",40.6%,1977
108,109,No Time to Die,"$774,153,007","$160,891,007",20.8%,"$613,262,000",79.2%,2021
109,110,Interstellar,"$774,136,705","$188,020,017",24.3%,"$586,116,688",75.7%,2014
110,111,Guardians of the Galaxy,"$773,350,147","$333,718,600",43.2%,"$439,631,547",56.8%,2014
111,112,The Batman,"$770,945,583","$369,345,583",47.9%,"$401,600,000",52.1%,2022
112,113,Thor: Love and Thunder,"$760,928,081","$343,256,830",45.1%,"$417,671,251",54.9%,2022
113,114,Fast & Furious Presents: Hobbs & Shaw,"$760,732,926","$173,956,935",22.9%,"$586,775,991",77.1%,2019
114,115,The Da Vinci Code,"$760,006,945","$217,536,138",28.6%,"$542,470,807",71.4%,2006
115,116,Maleficent,"$759,853,685","$241,410,378",31.8%,"$518,443,307",68.2%,2014
116,117,The Amazing Spider-Man,"$757,930,663","$262,030,663",34.6%,"$495,900,000",65.4%,2012
117,118,The Hunger Games: Mockingjay - Part 1,"$755,356,711","$337,135,885",44.6%,"$418,220,826",55.4%,2014
118,119,Shrek Forever After,"$752,600,867","$238,736,787",31.7%,"$513,864,080",68.3%,2010
119,120,Gravity,"$748,049,949","$274,092,705",36.6%,"$473,957,244",63.4%,2013
120,121,Madagascar 3: Europe's Most Wanted,"$746,921,274","$216,391,482",29%,"$530,529,792",71%,2012
121,122,Suicide Squad,"$746,846,894","$325,100,054",43.5%,"$421,746,840",56.5%,2016
122,123,X-Men: Days of Future Past,"$746,045,700","$233,921,534",31.4%,"$512,124,166",68.6%,2014
123,124,"The Chronicles of Narnia: The Lion, the Witch and the Wardrobe","$745,013,115","$291,710,957",39.2%,"$453,302,158",60.8%,2005
124,125,Monsters University,"$743,559,645","$268,492,764",36.1%,"$475,066,881",63.9%,2013
125,126,The Matrix Reloaded,"$741,847,937","$281,576,461",38%,"$460,271,476",62%,2003
126,127,Up,"$735,099,102","$293,004,164",39.9%,"$442,094,938",60.1%,2009
127,128,Ne Zha,"$726,264,074","$3,695,533",0.5%,"$722,568,541",99.5%,2019
128,129,F9: The Fast Saga,"$726,229,501","$173,005,945",23.8%,"$553,223,556",76.2%,2021
129,130,Captain America: The Winter Soldier,"$714,421,503","$259,766,572",36.4%,"$454,654,931",63.6%,2014
130,131,The Twilight Saga: Breaking Dawn - Part 1,"$712,205,856","$281,287,133",39.5%,"$430,918,723",60.5%,2011
131,132,The Twilight Saga: New Moon,"$711,025,481","$297,816,253",41.9%,"$413,209,228",58.1%,2009
132,133,Dawn of the Planet of the Apes,"$710,644,566","$208,545,589",29.4%,"$502,098,977",70.6%,2014
133,134,Transformers,"$709,709,780","$319,246,193",45%,"$390,463,587",55%,2007
134,135,The Amazing Spider-Man 2,"$708,982,323","$202,853,933",28.6%,"$506,128,390",71.4%,2014
135,136,It,"$701,842,551","$328,874,981",46.9%,"$372,967,570",53.1%,2017
136,137,The Wandering Earth,"$699,992,512","$5,971,413",0.8%,"$694,021,099",99.2%,2019
137,138,The Twilight Saga: Eclipse,"$698,509,825","$300,531,751",43%,"$397,978,074",57%,2010
138,139,Mission: Impossible - Ghost Protocol,"$694,713,380","$209,397,903",30.1%,"$485,315,477",69.9%,2011
139,140,Mamma Mia!,"$694,476,782","$144,169,664",20.8%,"$550,307,118",79.2%,2008
140,141,The Hunger Games,"$694,394,724","$408,010,692",58.8%,"$286,384,032",41.2%,2012
141,142,Detective Chinatown 3,"$686,257,563",-,-,"$686,257,563",100%,2021
142,143,Mission: Impossible - Rogue Nation,"$682,716,636","$195,042,377",28.6%,"$487,674,259",71.4%,2015
143,144,Forrest Gump,"$678,226,465","$330,455,270",48.7%,"$347,771,195",51.3%,1994
144,145,Doctor Strange,"$677,796,076","$232,641,920",34.3%,"$445,154,156",65.7%,2016
145,146,The Sixth Sense,"$672,806,432","$293,506,292",43.6%,"$379,300,140",56.4%,1999
146,147,Man of Steel,"$668,045,518","$291,045,518",43.6%,"$377,000,000",56.4%,2013
147,148,Ice Age: The Meltdown,"$667,094,506","$195,330,621",29.3%,"$471,763,885",70.7%,2006
148,149,Kung Fu Panda 2,"$665,692,281","$165,249,063",24.8%,"$500,443,218",75.2%,2011
149,150,Moana,"$665,069,139","$248,757,044",37.4%,"$416,312,095",62.6%,2016
150,151,Justice League,"$657,926,987","$229,024,295",34.8%,"$428,902,692",65.2%,2017
151,152,Big Hero 6,"$657,869,686","$222,527,828",33.8%,"$435,341,858",66.2%,2014
152,153,Fantastic Beasts: The Crimes of Grindelwald,"$654,855,901","$159,555,901",24.4%,"$495,300,000",75.6%,2018
153,154,Pirates of the Caribbean: The Curse of the Black Pearl,"$654,264,015","$305,413,918",46.7%,"$348,850,097",53.3%,2003
154,155,Men in Black 3,"$654,213,485","$179,020,854",27.4%,"$475,192,631",72.6%,2012
155,156,Star Wars: Episode II - Attack of the Clones,"$653,779,970","$310,676,740",47.5%,"$343,103,230",52.5%,2002
156,157,The Hunger Games: Mockingjay - Part 2,"$653,428,261","$281,723,902",43.1%,"$371,704,359",56.9%,2015
157,158,Thor: The Dark World,"$644,783,140","$206,362,140",32%,"$438,421,000",68%,2013
158,159,Sing,"$634,338,384","$270,578,425",42.7%,"$363,759,959",57.3%,2016
159,160,Kung Fu Panda,"$632,083,197","$215,771,591",34.1%,"$416,311,606",65.9%,2008
160,161,The Incredibles,"$631,607,053","$261,441,092",41.4%,"$370,165,961",58.6%,2004
161,162,The Martian,"$630,620,818","$228,433,663",36.2%,"$402,187,155",63.8%,2015
162,163,Hancock,"$629,443,428","$227,946,274",36.2%,"$401,497,154",63.8%,2008
163,164,Water Gate Bridge,"$626,571,697","$117,294",<0.1%,"$626,454,403",100%,2022
164,165,Fast Five,"$626,137,675","$209,837,675",33.5%,"$416,300,000",66.5%,2011
165,166,Iron Man 2,"$623,933,331","$312,433,331",50.1%,"$311,500,000",49.9%,2010
166,167,Ratatouille,"$623,726,085","$206,445,654",33.1%,"$417,280,431",66.9%,2007
167,168,Ant-Man and the Wasp,"$622,674,139","$216,648,740",34.8%,"$406,025,399",65.2%,2018
168,169,How to Train Your Dragon 2,"$621,537,519","$177,002,924",28.5%,"$444,534,595",71.5%,2014
169,170,Logan,"$619,179,950","$226,277,068",36.5%,"$392,902,882",63.5%,2017
170,171,The Lost World: Jurassic Park,"$618,638,999","$229,086,679",37%,"$389,552,320",63%,1997
171,172,Casino Royale,"$616,505,162","$167,445,960",27.2%,"$449,059,202",72.8%,2006
172,173,The Passion of the Christ,"$612,054,506","$370,782,930",60.6%,"$241,271,576",39.4%,2004
173,174,Life of Pi,"$609,016,565","$124,987,023",20.5%,"$484,029,542",79.5%,2012
174,175,Transformers: The Last Knight,"$605,425,157","$130,168,683",21.5%,"$475,256,474",78.5%,2017
175,176,Madagascar: Escape 2 Africa,"$603,900,354","$180,010,950",29.8%,"$423,889,404",70.2%,2008
176,177,War of the Worlds,"$603,873,119","$234,280,354",38.8%,"$369,592,765",61.2%,2005
177,178,Tangled,"$592,462,816","$200,821,936",33.9%,"$391,640,880",66.1%,2010
178,179,Ready Player One,"$592,241,728","$137,715,350",23.2%,"$454,526,378",76.8%,2018
179,180,Quantum of Solace,"$589,580,482","$168,368,427",28.6%,"$421,212,055",71.4%,2008
180,181,Men in Black,"$589,390,539","$250,690,539",42.5%,"$338,700,000",57.5%,1997
181,182,The Croods,"$587,235,983","$187,168,425",31.9%,"$400,067,558",68.1%,2013
182,183,The Hangover Part II,"$586,764,305","$254,464,305",43.4%,"$332,300,000",56.6%,2011
183,184,Iron Man,"$585,796,247","$319,034,126",54.5%,"$266,762,121",45.5%,2008
184,185,I Am Legend,"$585,410,052","$256,393,010",43.8%,"$329,017,042",56.2%,2007
185,186,"Monsters, Inc.","$579,707,738","$290,642,256",50.1%,"$289,065,482",49.9%,2001
186,187,Operation Red Sea,"$579,330,426","$1,543,547",0.3%,"$577,786,879",99.7%,2018
187,188,Night at the Museum,"$574,481,229","$250,863,268",43.7%,"$323,617,961",56.3%,2006
188,189,Fifty Shades of Grey,"$569,651,467","$166,167,230",29.2%,"$403,484,237",70.8%,2015
189,190,Kong: Skull Island,"$566,652,812","$168,052,812",29.7%,"$398,600,000",70.3%,2017
190,191,The Smurfs,"$563,749,323","$142,614,158",25.3%,"$421,135,165",74.7%,2011
191,192,Cars 2,"$559,852,396","$191,452,396",34.2%,"$368,400,000",65.8%,2011
192,193,King Kong,"$556,906,378","$218,080,025",39.2%,"$338,826,353",60.8%,2005
193,194,Puss in Boots,"$554,987,477","$149,260,504",26.9%,"$405,726,973",73.1%,2011
194,195,The Mermaid,"$553,810,228","$3,232,685",0.6%,"$550,577,543",99.4%,2016
195,196,Armageddon,"$553,709,788","$201,578,182",36.4%,"$352,131,606",63.6%,1998
196,197,The Day After Tomorrow,"$552,639,571","$186,740,799",33.8%,"$365,898,772",66.2%,2004
197,198,Ted,"$549,368,315","$218,815,487",39.8%,"$330,552,828",60.2%,2012
198,199,American Sniper,"$547,459,020","$350,159,020",64%,"$197,300,000",36%,2014
199,200,Mission: Impossible II,"$546,388,108","$215,409,889",39.4%,"$330,978,219",60.6%,2000
200,201,Detective Chinatown 2,"$544,185,156","$1,983,984",0.4%,"$542,201,172",99.6%,2018
201,202,X-Men: Apocalypse,"$543,934,105","$155,442,489",28.6%,"$388,491,616",71.4%,2016
202,203,Sherlock Holmes: A Game of Shadows,"$543,848,418","$186,848,418",34.4%,"$357,000,000",65.6%,2011
203,204,Despicable Me,"$543,157,985","$251,557,985",46.3%,"$291,600,000",53.7%,2010
204,205,Cinderella,"$542,358,331","$201,151,353",37.1%,"$341,206,978",62.9%,2015
205,206,Madagascar,"$542,063,846","$193,595,521",35.7%,"$348,468,325",64.3%,2005
206,207,World War Z,"$540,455,876","$202,807,711",37.5%,"$337,648,165",62.5%,2013
207,208,Brave,"$538,983,207","$237,283,207",44%,"$301,700,000",56%,2012
208,209,Star Wars: Episode V - The Empire Strikes Back,"$538,375,067","$292,753,960",54.4%,"$245,621,107",45.6%,1980
209,210,The Simpsons Movie,"$536,414,293","$183,135,014",34.1%,"$353,279,279",65.9%,2007
210,211,The Revenant,"$532,950,503","$183,637,894",34.5%,"$349,312,609",65.5%,2015
211,212,The Meg,"$530,517,320","$145,522,784",27.4%,"$384,994,536",72.6%,2018
212,213,Ralph Breaks the Internet,"$529,323,962","$201,091,711",38%,"$328,232,251",62%,2018
213,214,Hotel Transylvania 3: Summer Vacation,"$528,583,774","$167,510,016",31.7%,"$361,073,758",68.3%,2018
214,215,The Boss Baby,"$527,965,936","$175,003,033",33.2%,"$352,962,903",66.8%,2017
215,216,Dunkirk,"$527,016,307","$189,740,665",36%,"$337,275,642",64%,2017
216,217,The Grinch,"$526,760,632","$271,384,731",51.5%,"$255,375,901",48.5%,2018
217,218,Godzilla,"$524,976,069","$200,676,069",38.2%,"$324,300,000",61.8%,2014
218,219,How to Train Your Dragon: The Hidden World,"$524,580,592","$160,945,505",30.7%,"$363,635,087",69.3%,2019
219,220,Sherlock Holmes,"$524,028,679","$209,028,679",39.9%,"$315,000,000",60.1%,2009
220,221,Meet the Fockers,"$522,657,936","$279,261,160",53.4%,"$243,396,776",46.6%,2004
221,222,WALL·E,"$521,311,890","$223,808,164",42.9%,"$297,503,726",57.1%,2008
222,223,Kung Fu Panda 3,"$521,170,825","$143,528,619",27.5%,"$377,642,206",72.5%,2016
223,224,Terminator 2: Judgment Day,"$520,881,154","$205,881,154",39.5%,"$315,000,000",60.5%,1991
224,225,Ant-Man,"$519,311,965","$180,202,163",34.7%,"$339,109,802",65.3%,2015
225,226,Venom: Let There Be Carnage,"$506,863,592","$213,550,366",42.1%,"$293,313,226",57.9%,2021
226,227,Ghost,"$505,703,557","$217,631,306",43%,"$288,072,251",57%,1990
227,228,Aladdin,"$504,050,219","$217,350,219",43.1%,"$286,700,000",56.9%,1992
228,229,Gladiator,"$503,162,313","$187,705,427",37.3%,"$315,456,886",62.7%,2000
229,230,Rio 2,"$498,781,117","$131,538,435",26.4%,"$367,242,682",73.6%,2014
230,231,Troy,"$497,409,852","$133,378,256",26.8%,"$364,031,596",73.2%,2004
231,232,Toy Story 2,"$497,375,381","$245,852,179",49.4%,"$251,523,202",50.6%,1999
232,233,How to Train Your Dragon,"$494,879,471","$217,581,231",44%,"$277,298,240",56%,2010
233,234,Twister,"$494,580,615","$241,830,615",48.9%,"$252,750,000",51.1%,1996
234,235,Oz the Great and Powerful,"$493,311,825","$234,911,825",47.6%,"$258,400,000",52.4%,2013
235,236,Clash of the Titans,"$493,214,993","$163,214,888",33.1%,"$330,000,105",66.9%,2010
236,237,Maleficent: Mistress of Evil,"$491,730,089","$113,929,605",23.2%,"$377,800,484",76.8%,2019
237,238,War for the Planet of the Apes,"$490,719,763","$146,880,162",29.9%,"$343,839,601",70.1%,2017
238,239,Shrek,"$488,441,368","$268,163,011",54.9%,"$220,278,357",45.1%,2001
239,240,Mr. & Mrs. Smith,"$487,287,646","$186,336,279",38.2%,"$300,951,367",61.8%,2005
240,241,Angels & Demons,"$485,930,816","$133,375,846",27.4%,"$352,554,970",72.6%,2009
241,242,Teenage Mutant Ninja Turtles,"$485,004,754","$191,204,754",39.4%,"$293,800,000",60.6%,2014
242,243,Bruce Almighty,"$484,592,874","$242,829,261",50.1%,"$241,763,613",49.9%,2003
243,244,The King's Speech,"$484,068,861","$138,797,449",28.7%,"$345,271,412",71.3%,2010
244,245,Rio,"$483,866,772","$143,619,809",29.7%,"$340,246,963",70.3%,2011
245,246,Saving Private Ryan,"$482,349,603","$217,049,603",45%,"$265,300,000",55%,1998
246,247,Rise of the Planet of the Apes,"$481,800,873","$176,760,185",36.7%,"$305,040,688",63.3%,2011
247,248,Home Alone,"$476,684,675","$285,761,243",60%,"$190,923,432",40%,1990
248,249,Jaws,"$476,512,065","$265,859,065",55.8%,"$210,653,000",44.2%,1975
249,250,Hotel Transylvania 2,"$475,186,706","$169,700,110",35.7%,"$305,486,596",64.3%,2015
250,251,Star Wars: Episode VI - Return of the Jedi,"$475,106,177","$309,306,177",65.1%,"$165,800,000",34.9%,1983
251,252,Charlie and the Chocolate Factory,"$474,968,763","$206,459,076",43.5%,"$268,509,687",56.5%,2005
252,253,Indiana Jones and the Last Crusade,"$474,171,806","$197,171,806",41.6%,"$277,000,000",58.4%,1989
253,254,San Andreas,"$474,009,154","$155,190,832",32.7%,"$318,818,322",67.3%,2015
254,255,It Chapter Two,"$473,122,525","$211,622,525",44.7%,"$261,500,000",55.3%,2019
255,256,La La Land,"$471,988,602","$151,101,803",32%,"$320,886,799",68%,2016
256,257,Wreck-It Ralph,"$471,222,889","$189,422,889",40.2%,"$281,800,000",59.8%,2012
257,258,Godzilla vs. Kong,"$470,116,094","$100,916,094",21.5%,"$369,200,000",78.5%,2021
258,259,The Hangover,"$469,328,079","$277,339,746",59.1%,"$191,988,333",40.9%,2009
259,260,Lucy,"$469,058,574","$126,663,600",27%,"$342,394,974",73%,2014
260,261,The Lego Movie,"$468,266,122","$257,966,122",55.1%,"$210,300,000",44.9%,2014
261,262,Bumblebee,"$467,989,645","$127,195,589",27.2%,"$340,794,056",72.8%,2018
262,263,Star Trek Into Darkness,"$467,365,246","$228,778,661",49%,"$238,586,585",51%,2013
263,264,The Matrix,"$467,222,728","$172,076,928",36.8%,"$295,145,800",63.2%,1999
264,265,Pretty Woman,"$463,406,268","$178,406,268",38.5%,"$285,000,000",61.5%,1990
265,266,Cars,"$461,991,867","$244,082,982",52.8%,"$217,908,885",47.2%,2006
266,267,The Eight Hundred,"$461,421,559","$372,755",<0.1%,"$461,048,804",99.9%,2020
267,268,X-Men: The Last Stand,"$460,435,291","$234,362,462",50.9%,"$226,072,829",49.1%,2006
268,269,Moon Man,"$460,237,662",-,-,"$460,237,662",100%,2022
269,270,National Treasure: Book of Secrets,"$459,242,249","$219,964,115",47.9%,"$239,278,134",52.1%,2007
270,271,Mission: Impossible,"$457,696,391","$180,981,856",39.5%,"$276,714,535",60.5%,1996
271,272,300,"$456,082,343","$210,629,101",46.2%,"$245,453,242",53.8%,2007
272,273,The Last Samurai,"$454,627,263","$111,127,263",24.4%,"$343,500,000",75.6%,2003
273,274,Demon Slayer the Movie: Mugen Train,"$453,210,959","$49,505,008",10.9%,"$403,705,951",89.1%,2020
274,275,Dying to Survive,"$451,183,391","$6,752",-,"$451,176,639",100%,2018
275,276,Ocean's Eleven,"$450,717,150","$183,417,150",40.7%,"$267,300,000",59.3%,2001
276,277,"My People, My Country","$450,064,993","$2,356,683",0.5%,"$447,708,310",99.5%,2019
277,278,Pokémon: Detective Pikachu,"$449,762,638","$144,174,568",32.1%,"$305,588,070",67.9%,2019
278,279,Thor,"$449,326,618","$181,030,624",40.3%,"$268,295,994",59.7%,2011
279,280,Pearl Harbor,"$449,220,945","$198,542,554",44.2%,"$250,678,391",55.8%,2001
280,281,Tarzan,"$448,191,819","$171,091,819",38.2%,"$277,100,000",61.8%,1999
281,282,Men in Black II,"$445,135,288","$193,735,288",43.5%,"$251,400,000",56.5%,2002
282,283,Puss in Boots: The Last Wish,"$444,647,750","$174,947,795",39.4%,"$269,699,955",60.6%,2022
283,284,The Bourne Ultimatum,"$444,100,035","$227,471,070",51.2%,"$216,628,965",48.8%,2007
284,285,The Mummy Returns,"$443,280,904","$202,019,785",45.6%,"$241,261,119",54.4%,2001
285,286,Alvin and the Chipmunks: The Squeakquel,"$443,140,005","$219,614,612",49.6%,"$223,525,393",50.4%,2009
286,287,Les Misérables,"$442,299,309","$148,809,770",33.6%,"$293,489,539",66.4%,2012
287,288,The Exorcist,"$441,306,145","$233,005,644",52.8%,"$208,300,501",47.2%,1973
288,289,Mrs. Doubtfire,"$441,286,195","$219,195,243",49.7%,"$222,090,952",50.3%,1993
289,290,Terminator Genisys,"$440,603,537","$89,760,956",20.4%,"$350,842,581",79.6%,2015
290,291,Warcraft,"$439,048,914","$47,365,290",10.8%,"$391,683,624",89.2%,2016
291,292,A Star Is Born,"$436,233,122","$215,333,122",49.4%,"$220,900,000",50.6%,2018
292,293,The Greatest Showman,"$435,732,529","$174,340,174",40%,"$261,392,355",60%,2017
293,294,Terminator 3: Rise of the Machines,"$433,371,112","$150,371,112",34.7%,"$283,000,000",65.3%,2003
294,295,Shang-Chi and the Legend of the Ten Rings,"$432,243,292","$224,543,292",52%,"$207,700,000",48%,2021
295,296,Die Another Day,"$431,971,116","$160,942,139",37.3%,"$271,028,977",62.7%,2002
296,297,The Secret Life of Pets 2,"$431,058,438","$158,874,395",36.9%,"$272,184,043",63.1%,2019
297,298,Cast Away,"$429,632,142","$233,632,142",54.4%,"$196,000,000",45.6%,2000
298,299,Rampage,"$428,028,233","$101,028,233",23.6%,"$327,000,000",76.4%,2018
299,300,The Matrix Revolutions,"$427,344,325","$139,313,948",32.6%,"$288,030,377",67.4%,2003
300,301,The Intouchables,"$426,588,510","$10,198,820",2.4%,"$416,389,690",97.6%,2011
301,302,Bad Boys for Life,"$426,505,244","$206,305,244",48.4%,"$220,200,000",51.6%,2020
302,303,Django Unchained,"$426,074,373","$162,805,434",38.2%,"$263,268,939",61.8%,2012
303,304,Beauty and the Beast,"$424,967,620","$218,967,620",51.5%,"$206,000,000",48.5%,1991
304,305,Dances with Wolves,"$424,208,848","$184,208,848",43.4%,"$240,000,000",56.6%,1990
305,306,"My People, My Homeland","$422,390,820",-,-,"$422,390,820",100%,2020
306,307,The Chronicles of Narnia: Prince Caspian,"$419,665,568","$141,621,490",33.8%,"$278,044,078",66.2%,2008
307,308,Sex and the City,"$418,765,519","$152,647,258",36.4%,"$266,118,261",63.6%,2008
308,309,The Captain,"$417,282,021","$706,572",0.2%,"$416,575,449",99.8%,2019
309,310,The Mummy,"$415,933,406","$155,385,488",37.4%,"$260,547,918",62.6%,1999
310,311,The Chronicles of Narnia: The Voyage of the Dawn Treader,"$415,686,217","$104,386,950",25.1%,"$311,299,267",74.9%,2010
311,312,Jason Bourne,"$415,484,914","$162,434,410",39.1%,"$253,050,504",60.9%,2016
312,313,Mad Max: Fury Road,"$415,261,382","$154,109,060",37.1%,"$261,152,322",62.9%,2015
313,314,The Wolverine,"$414,828,246","$132,556,852",32%,"$282,271,394",68%,2013
314,315,Kingsman: The Secret Service,"$414,351,546","$128,261,724",31%,"$286,089,822",69%,2015
315,316,Night at the Museum: Battle of the Smithsonian,"$413,106,170","$177,243,721",42.9%,"$235,862,449",57.1%,2009
316,317,Batman,"$411,569,241","$251,409,241",61.1%,"$160,160,000",38.9%,1989
317,318,The Bodyguard,"$411,046,449","$122,046,449",29.7%,"$289,000,000",70.3%,1992
318,319,Pacific Rim,"$411,002,906","$101,802,906",24.8%,"$309,200,000",75.2%,2013
319,320,Kingsman: The Golden Circle,"$410,902,662","$100,234,838",24.4%,"$310,667,824",75.6%,2017
320,321,The Mummy,"$409,231,607","$80,227,895",19.6%,"$329,003,712",80.4%,2017
321,322,Ice Age: Collision Course,"$408,754,975","$64,063,008",15.7%,"$344,691,967",84.3%,2016
322,323,Twilight,"$408,430,415","$193,962,473",47.5%,"$214,467,942",52.5%,2008
323,324,Sing 2,"$408,396,271","$162,790,990",39.9%,"$245,605,281",60.1%,2021
324,325,Signs,"$408,247,917","$227,966,634",55.8%,"$180,281,283",44.2%,2002
325,326,X2: X-Men United,"$407,711,549","$214,949,694",52.7%,"$192,761,855",47.3%,2003
326,327,Fantastic Beasts: The Secrets of Dumbledore,"$406,950,844","$95,850,844",23.6%,"$311,100,000",76.4%,2022
327,328,The Wolf of Wall Street,"$406,878,233","$116,900,694",28.7%,"$289,977,539",71.3%,2013
328,329,Sonic the Hedgehog 2,"$405,421,518","$190,872,904",47.1%,"$214,548,614",52.9%,2022
329,330,Alita: Battle Angel,"$404,980,543","$85,838,210",21.2%,"$319,142,333",78.8%,2019
330,331,The Mummy: Tomb of the Dragon Emperor,"$403,449,830","$102,491,776",25.4%,"$300,958,054",74.6%,2008
331,332,Prometheus,"$403,354,469","$126,477,084",31.4%,"$276,877,385",68.6%,2012
332,333,Gone with the Wind,"$402,382,193","$200,882,193",49.9%,"$201,500,000",50.1%,1939
333,334,Mamma Mia! Here We Go Again,"$402,264,843","$120,634,935",30%,"$281,629,908",70%,2018
334,335,Eternals,"$402,064,899","$164,870,234",41%,"$237,194,665",59%,2021
335,336,Dune,"$402,027,830","$108,327,830",27%,"$293,700,000",73%,2021
336,337,Uncharted,"$401,748,820","$148,648,820",37%,"$253,100,000",63%,2022
337,338,TRON: Legacy,"$400,063,852","$172,062,763",43%,"$228,001,089",57%,2010
338,339,Mission: Impossible III,"$398,479,497","$134,029,801",33.6%,"$264,449,696",66.4%,2006
339,340,Snow White and the Huntsman,"$396,592,829","$155,332,381",39.2%,"$241,260,448",60.8%,2012
340,341,Grease,"$396,271,103","$190,071,103",48%,"$206,200,000",52%,1978
341,342,Toy Story,"$394,436,586","$223,225,679",56.6%,"$171,210,907",43.4%,1995
342,343,Black Adam,"$392,952,111","$168,152,111",42.8%,"$224,800,000",57.2%,2022
343,344,Solo: A Star Wars Story,"$392,924,807","$213,767,512",54.4%,"$179,157,295",45.6%,2018
344,345,Superman Returns,"$391,081,192","$200,081,192",51.2%,"$191,000,000",48.8%,2006
345,346,Robin Hood: Prince of Thieves,"$390,493,908","$165,493,908",42.4%,"$225,000,000",57.6%,1991
346,347,Indiana Jones and the Raiders of the Lost Ark,"$389,925,971","$248,159,971",63.6%,"$141,766,000",36.4%,1981
347,348,Independence Day: Resurgence,"$389,681,935","$103,144,286",26.5%,"$286,537,649",73.5%,2016
348,349,Live Free or Die Hard,"$388,156,011","$134,529,403",34.7%,"$253,626,608",65.3%,2007
349,350,Monster Hunt,"$387,053,506","$32,766",<0.1%,"$387,020,740",100%,2015
350,351,Godzilla: King of the Monsters,"$386,600,138","$110,500,138",28.6%,"$276,100,000",71.4%,2019
351,352,Home,"$386,041,607","$177,397,510",46%,"$208,644,097",54%,2015
352,353,Star Trek,"$385,680,446","$257,730,019",66.8%,"$127,950,427",33.2%,2009
353,354,1917,"$384,479,940","$159,227,644",41.4%,"$225,252,296",58.6%,2019
354,355,Happy Feet,"$384,336,108","$198,000,317",51.5%,"$186,335,791",48.5%,2006
355,356,Spider-Man: Into the Spider-Verse,"$384,256,930","$190,241,310",49.5%,"$194,015,620",50.5%,2018
356,357,Cars 3,"$383,930,656","$152,901,115",39.8%,"$231,029,541",60.2%,2017
357,358,Back to the Future,"$383,336,762","$212,836,762",55.5%,"$170,500,000",44.5%,1985
358,359,Ice Age,"$383,257,136","$176,387,405",46%,"$206,869,731",54%,2002
359,360,Your Name.,"$382,238,181","$5,017,246",1.3%,"$377,220,935",98.7%,2016
360,361,Fifty Shades Darker,"$381,545,846","$114,581,250",30%,"$266,964,596",70%,2017
361,362,Monsters vs. Aliens,"$381,509,870","$198,351,526",52%,"$183,158,344",48%,2009
362,363,Black Widow,"$379,751,655","$183,651,655",48.4%,"$196,100,000",51.6%,2021
363,364,Godzilla,"$379,014,294","$136,314,294",36%,"$242,700,000",64%,1998
364,365,True Lies,"$378,882,411","$146,282,411",38.6%,"$232,600,000",61.4%,1994
365,366,Slumdog Millionaire,"$378,410,542","$141,319,928",37.4%,"$237,090,614",62.6%,2008
366,367,Once Upon a Time in Hollywood,"$377,617,598","$142,502,728",37.7%,"$235,114,870",62.3%,2019
367,368,Taken 2,"$376,152,455","$139,854,287",37.2%,"$236,298,168",62.8%,2012
368,369,G.I. Joe: Retaliation,"$375,740,705","$122,523,060",32.6%,"$253,217,645",67.4%,2013
369,370,Shark Tale,"$374,583,879","$160,861,908",42.9%,"$213,721,971",57.1%,2004
370,371,What Women Want,"$374,111,707","$182,811,707",48.9%,"$191,300,000",51.1%,2000
371,372,The Adventures of Tintin,"$373,993,951","$77,591,831",20.8%,"$296,402,120",79.2%,2011
372,373,Batman Begins,"$373,672,993","$206,863,479",55.4%,"$166,809,514",44.6%,2005
373,374,Ant-Man and the Wasp: Quantumania,"$373,600,352","$177,446,000",47.5%,"$196,154,352",52.5%,2023
374,375,Penguins of Madagascar,"$373,515,621","$83,850,911",22.4%,"$289,664,710",77.6%,2014
375,376,X-Men Origins: Wolverine,"$373,062,864","$179,883,157",48.2%,"$193,179,707",51.8%,2009
376,377,The Golden Compass,"$372,234,864","$70,107,728",18.8%,"$302,127,136",81.2%,2007
377,378,Fifty Shades Freed,"$371,985,018","$100,407,760",27%,"$271,577,258",73%,2018
378,379,Hitch,"$371,594,210","$179,495,555",48.3%,"$192,098,655",51.7%,2005
379,380,Terminator Salvation,"$371,353,001","$125,322,469",33.8%,"$246,030,532",66.2%,2009
380,381,Captain America: The First Avenger,"$370,569,774","$176,654,505",47.7%,"$193,915,269",52.3%,2011
381,382,Edge of Tomorrow,"$370,541,256","$100,206,256",27%,"$270,335,000",73%,2014
382,383,There's Something About Mary,"$369,884,651","$176,484,651",47.7%,"$193,400,000",52.3%,1998
383,384,Gone Girl,"$369,330,363","$167,767,189",45.4%,"$201,563,174",54.6%,2014
384,385,The Fugitive,"$368,875,760","$183,875,760",49.8%,"$185,000,000",50.2%,1993
385,386,Jurassic Park III,"$368,780,809","$181,171,875",49.1%,"$187,608,934",50.9%,2001
386,387,My Big Fat Greek Wedding,"$368,744,044","$241,438,208",65.5%,"$127,305,836",34.5%,2002
387,388,Hello Mr. Billionaire,"$366,961,907",-,-,"$366,961,907",100%,2018
388,389,Die Hard with a Vengeance,"$366,101,666","$100,012,499",27.3%,"$266,089,167",72.7%,1995
389,390,Shazam!,"$366,080,049","$140,480,049",38.4%,"$225,600,000",61.6%,2019
390,391,The Nun,"$365,582,797","$117,481,222",32.1%,"$248,101,575",67.9%,2018
391,392,Alvin and the Chipmunks,"$365,352,546","$217,326,974",59.5%,"$148,025,572",40.5%,2007
392,393,Tenet,"$365,304,105","$58,504,105",16%,"$306,800,000",84%,2020
393,394,Notting Hill,"$363,889,678","$116,089,678",31.9%,"$247,800,000",68.1%,1999
394,395,A Bug's Life,"$363,258,859","$162,798,565",44.8%,"$200,460,294",55.2%,1998
395,396,Night at the Museum: Secret of the Tomb,"$363,204,635","$113,746,621",31.3%,"$249,458,014",68.7%,2014
396,397,Ocean's Twelve,"$362,744,280","$125,544,280",34.6%,"$237,200,000",65.4%,2004
397,398,Planet of the Apes,"$362,211,740","$180,011,740",49.7%,"$182,200,000",50.3%,2001
398,399,The Hangover Part III,"$362,000,072","$112,200,072",31%,"$249,800,000",69%,2013
399,400,The World Is Not Enough,"$361,832,400","$126,943,684",35.1%,"$234,888,716",64.9%,1999
400,401,Monster Hunt 2,"$361,682,618","$706,153",0.2%,"$360,976,465",99.8%,2018
401,402,Fast & Furious,"$360,366,870","$155,064,265",43%,"$205,302,605",57%,2009
402,403,Noah,"$359,200,044","$101,200,044",28.2%,"$258,000,000",71.8%,2014
403,404,The Karate Kid,"$359,126,022","$176,591,618",49.2%,"$182,534,404",50.8%,2010
404,405,Home Alone 2: Lost in New York,"$358,994,850","$173,585,516",48.4%,"$185,409,334",51.6%,1992
405,406,Hotel Transylvania,"$358,375,603","$148,313,048",41.4%,"$210,062,555",58.6%,2012
406,407,Minority Report,"$358,372,926","$132,072,926",36.8%,"$226,300,000",63.2%,2002
407,408,Top Gun,"$357,288,178","$180,258,178",50.4%,"$177,030,000",49.6%,1986
408,409,The Legend of Tarzan,"$356,700,357","$126,643,061",35.5%,"$230,057,296",64.5%,2016
409,410,American Beauty,"$356,296,601","$130,096,601",36.5%,"$226,200,000",63.5%,1999
410,411,Spirited Away,"$355,822,319","$13,750,644",3.9%,"$342,071,675",96.1%,2001
411,412,Apollo 13,"$355,237,933","$173,837,933",48.9%,"$181,400,000",51.1%,1995
412,413,Rain Man,"$354,825,435","$172,825,435",48.7%,"$182,000,000",51.3%,1988
413,414,The Great Gatsby,"$353,659,851","$144,857,996",41%,"$208,801,855",59%,2013
414,415,Dumbo,"$353,284,621","$114,766,307",32.5%,"$238,518,314",67.5%,2019
415,416,"I, Robot","$353,133,898","$144,801,023",41%,"$208,332,875",59%,2004
416,417,Basic Instinct,"$352,927,224","$117,727,224",33.4%,"$235,200,000",66.6%,1992
417,418,Murder on the Orient Express,"$352,794,081","$102,826,543",29.2%,"$249,967,538",70.8%,2017
418,419,X-Men: First Class,"$352,616,690","$146,408,305",41.5%,"$206,208,385",58.5%,2011
419,420,The Angry Birds Movie,"$352,333,929","$107,509,366",30.5%,"$244,824,563",69.5%,2016
420,421,GoldenEye,"$352,194,034","$106,429,941",30.2%,"$245,764,093",69.8%,1995
421,422,Catch Me If You Can,"$352,114,312","$164,615,351",46.8%,"$187,498,961",53.2%,2002
422,423,Now You See Me,"$351,723,989","$117,723,989",33.5%,"$234,000,000",66.5%,2013
423,424,Hannibal,"$351,692,268","$165,092,268",46.9%,"$186,600,000",53.1%,2001
424,425,The Mask,"$351,583,407","$119,938,730",34.1%,"$231,644,677",65.9%,1994
425,426,Peter Rabbit,"$351,496,066","$115,253,424",32.8%,"$236,242,642",67.2%,2018
426,427,Speed,"$350,448,145","$121,248,145",34.6%,"$229,200,000",65.4%,1994
427,428,Dinosaur,"$349,822,765","$137,748,063",39.4%,"$212,074,702",60.6%,2000
428,429,Mary Poppins Returns,"$349,546,142","$171,958,438",49.2%,"$177,587,704",50.8%,2018
429,430,Deep Impact,"$349,464,664","$140,464,664",40.2%,"$209,000,000",59.8%,1998
430,431,The Lorax,"$349,183,316","$214,373,500",61.4%,"$134,809,816",38.6%,2012
431,432,The Maze Runner,"$348,319,861","$102,427,862",29.4%,"$245,891,999",70.6%,2014
432,433,The Smurfs 2,"$347,545,360","$71,017,784",20.4%,"$276,527,576",79.6%,2013
433,434,National Treasure,"$347,512,318","$173,008,894",49.8%,"$174,503,424",50.2%,2004
434,435,Rush Hour 2,"$347,325,802","$226,164,286",65.1%,"$121,161,516",34.9%,2001
435,436,Trolls,"$347,182,886","$154,025,064",44.4%,"$193,157,822",55.6%,2016
436,437,xXx: Return of Xander Cage,"$346,118,277","$44,898,413",13%,"$301,219,864",87%,2017
437,438,Pocahontas,"$346,079,773","$141,579,773",40.9%,"$204,500,000",59.1%,1995
438,439,How the Grinch Stole Christmas,"$345,823,032","$260,715,005",75.4%,"$85,108,027",24.6%,2000
439,440,Star Trek Beyond,"$343,471,816","$158,848,340",46.2%,"$184,623,476",53.8%,2016
440,441,Alvin and the Chipmunks: Chipwrecked,"$342,695,435","$133,110,742",38.8%,"$209,584,693",61.2%,2011
441,442,Wanted,"$342,463,063","$134,508,551",39.3%,"$207,954,512",60.7%,2008
442,443,The Flintstones,"$341,631,208","$130,531,208",38.2%,"$211,100,000",61.8%,1994
443,444,A Quiet Place,"$340,952,971","$188,024,361",55.2%,"$152,928,610",44.8%,2018
444,445,Enchanted,"$340,487,836","$127,807,262",37.5%,"$212,680,574",62.5%,2007
445,446,Over the Hedge,"$339,795,890","$155,019,340",45.6%,"$184,776,550",54.4%,2006
446,447,300: Rise of an Empire,"$337,580,051","$106,580,051",31.6%,"$231,000,000",68.4%,2014
447,448,Batman Forever,"$336,567,158","$184,069,126",54.7%,"$152,498,032",45.3%,1995
448,449,Prince of Persia: The Sands of Time,"$336,365,676","$90,759,676",27%,"$245,606,000",73%,2009
449,450,The Curious Case of Benjamin Button,"$335,802,786","$127,509,326",38%,"$208,293,460",62%,2008
450,451,Journey 2: The Mysterious Island,"$335,287,748","$103,887,748",31%,"$231,400,000",69%,2012
451,452,The Rock,"$335,062,621","$134,069,511",40%,"$200,993,110",60%,1996
452,453,The Great Wall,"$334,933,831","$45,540,830",13.6%,"$289,393,001",86.4%,2016
453,454,Now You See Me 2,"$334,897,606","$65,075,540",19.4%,"$269,822,066",80.6%,2016
454,455,Never Say Die,"$334,530,869",-,-,"$334,530,869",100%,2017
455,456,Fantastic Four,"$333,535,934","$154,696,080",46.4%,"$178,839,854",53.6%,2005
456,457,Indiana Jones and the Temple of Doom,"$333,107,271","$179,870,271",54%,"$153,237,000",46%,1984
457,458,Tomorrow Never Dies,"$333,011,068","$125,304,276",37.6%,"$207,706,792",62.4%,1997
458,459,Back to the Future Part II,"$332,500,002","$119,000,002",35.8%,"$213,500,000",64.2%,1989
459,460,The Good Dinosaur,"$332,207,671","$123,087,120",37%,"$209,120,551",63%,2015
460,461,Free Guy,"$331,526,598","$121,626,598",36.7%,"$209,900,000",63.3%,2021
461,462,22 Jump Street,"$331,333,876","$191,719,337",57.9%,"$139,614,539",42.1%,2014
462,463,Meet the Parents,"$330,444,045","$166,244,045",50.3%,"$164,200,000",49.7%,2000
463,464,Who Framed Roger Rabbit,"$329,803,958","$156,452,370",47.4%,"$173,351,588",52.6%,1988
464,465,Black Swan,"$329,398,046","$106,954,678",32.5%,"$222,443,368",67.5%,2010
465,466,The Perfect Storm,"$328,718,434","$182,618,434",55.6%,"$146,100,000",44.4%,2000
466,467,John Wick: Chapter 3 - Parabellum,"$328,349,387","$171,015,687",52.1%,"$157,333,700",47.9%,2019
467,468,Crocodile Dundee,"$328,203,506","$174,803,506",53.3%,"$153,400,000",46.7%,1986
468,469,Crazy Alien,"$327,598,891",-,-,"$327,598,891",100%,2019
469,470,Se7en,"$327,333,559","$100,125,643",30.6%,"$227,207,916",69.4%,1995
470,471,The Devil Wears Prada,"$326,706,115","$124,740,460",38.2%,"$201,965,655",61.8%,2006
471,472,Taken 3,"$326,479,141","$89,256,424",27.3%,"$237,222,717",72.7%,2015
472,473,The Hunchback of Notre Dame,"$325,338,851","$100,138,851",30.8%,"$225,200,000",69.2%,1996
473,474,A Christmas Carol,"$325,286,646","$137,855,863",42.4%,"$187,430,783",57.6%,2009
474,475,The SpongeBob Movie: Sponge Out of Water,"$325,186,032","$162,994,032",50.1%,"$162,192,000",49.9%,2015
475,476,Schindler's List,"$322,161,245","$96,898,818",30.1%,"$225,262,427",69.9%,1993
476,477,Megamind,"$321,885,765","$148,415,853",46.1%,"$173,469,912",53.9%,2010
477,478,The Conjuring 2,"$321,834,351","$102,516,140",31.8%,"$219,318,211",68.2%,2016
478,479,Green Book,"$321,752,656","$85,080,171",26.4%,"$236,672,485",73.6%,2018
479,480,Lethal Weapon 3,"$321,731,527","$144,731,527",45%,"$177,000,000",55%,1992
480,481,Robin Hood,"$321,669,741","$105,269,730",32.7%,"$216,400,011",67.3%,2010
481,482,Inglourious Basterds,"$321,457,747","$120,540,719",37.5%,"$200,917,028",62.5%,2009
482,483,101 Dalmatians,"$320,689,294","$136,189,294",42.5%,"$184,500,000",57.5%,1996
483,484,The Conjuring,"$320,406,242","$137,446,368",42.9%,"$182,959,874",57.1%,2013
484,485,Fatal Attraction,"$320,145,693","$156,645,693",48.9%,"$163,500,000",51.1%,1987
485,486,Sonic the Hedgehog,"$319,715,683","$148,974,665",46.6%,"$170,741,018",53.4%,2020
486,487,The Last Airbender,"$319,713,881","$131,772,187",41.2%,"$187,941,694",58.8%,2010
487,488,The Proposal,"$317,375,031","$163,958,031",51.7%,"$153,417,000",48.3%,2009
488,489,The Polar Express,"$316,897,787","$189,528,738",59.8%,"$127,369,049",40.2%,2004
489,490,A Beautiful Mind,"$316,791,257","$170,742,341",53.9%,"$146,048,916",46.1%,2001
490,491,Beverly Hills Cop,"$316,360,478","$234,760,478",74.2%,"$81,600,000",25.8%,1984
491,492,Air Force One,"$315,156,409","$172,956,409",54.9%,"$142,200,000",45.1%,1997
492,493,Wonder,"$315,025,930","$132,422,809",42%,"$182,603,121",58%,2017
493,494,The Expendables 2,"$314,975,955","$85,028,192",27%,"$229,947,763",73%,2012
494,495,Chicken Little,"$314,432,837","$135,386,665",43.1%,"$179,046,172",56.9%,2005
495,496,As Good as It Gets,"$314,178,011","$148,478,011",47.3%,"$165,700,000",52.7%,1997
496,497,Knives Out,"$312,897,920","$165,363,234",52.8%,"$147,534,686",47.2%,2019
497,498,Maze Runner: The Scorch Trials,"$312,296,056","$81,697,192",26.2%,"$230,598,864",73.8%,2015
498,499,Resident Evil: The Final Chapter,"$312,242,626","$26,830,068",8.6%,"$285,412,558",91.4%,2016
499,500,The Lego Batman Movie,"$312,136,671","$175,936,671",56.4%,"$136,200,000",43.6%,2017
500,501,Austin Powers: The Spy Who Shagged Me,"$312,016,928","$206,040,086",66%,"$105,976,842",34%,1999
501,502,Ocean's Thirteen,"$311,312,624","$117,154,724",37.6%,"$194,157,900",62.4%,2007
502,503,Little Fockers,"$310,650,585","$148,438,600",47.8%,"$162,211,985",52.2%,2010
503,504,Bolt,"$309,979,994","$114,053,579",36.8%,"$195,926,415",63.2%,2008
504,505,Ransom,"$309,492,681","$136,492,681",44.1%,"$173,000,000",55.9%,1996
505,506,Runaway Bride,"$309,460,292","$152,257,509",49.2%,"$157,202,783",50.8%,1999
506,507,The Blind Side,"$309,231,694","$255,982,860",82.8%,"$53,248,834",17.2%,2009
507,508,The Ex-File 3: Return of the Exes,"$307,592,427","$838,959",0.3%,"$306,753,468",99.7%,2017
508,509,The Fault in Our Stars,"$307,166,834","$124,872,350",40.6%,"$182,294,484",59.4%,2014
509,510,The Pursuit of Happyness,"$307,127,625","$163,566,459",53.3%,"$143,561,166",46.7%,2006
510,511,Rise of the Guardians,"$306,941,670","$103,412,758",33.7%,"$203,528,912",66.3%,2012
511,512,Close Encounters of the Third Kind,"$306,889,114","$135,189,114",44%,"$171,700,000",56%,1977
512,513,Chicago,"$306,776,732","$170,687,518",55.6%,"$136,089,214",44.4%,2002
513,514,Annabelle: Creation,"$306,515,884","$102,092,201",33.3%,"$204,423,683",66.7%,2017
514,515,Bridesmaids,"$306,442,085","$169,106,725",55.2%,"$137,335,360",44.8%,2011
515,516,Skyscraper,"$304,868,961","$68,420,120",22.4%,"$236,448,841",77.6%,2018
516,517,A Good Day to Die Hard,"$304,654,182","$67,349,198",22.1%,"$237,304,984",77.9%,2013
517,518,Mulan,"$304,320,254","$120,620,254",39.6%,"$183,700,000",60.4%,1998
518,519,Dangal,"$303,723,636","$12,391,761",4.1%,"$291,331,875",95.9%,2016
519,520,Passengers,"$303,144,152","$100,014,699",33%,"$203,129,453",67%,2016
520,521,Battleship,"$303,025,485","$65,422,625",21.6%,"$237,602,860",78.4%,2012
521,522,Liar Liar,"$302,710,615","$181,410,615",59.9%,"$121,300,000",40.1%,1997
522,523,G.I. Joe: The Rise of Cobra,"$302,469,017","$150,201,498",49.7%,"$152,267,519",50.3%,2009
523,524,Wrath of the Titans,"$301,970,083","$83,670,083",27.7%,"$218,300,000",72.3%,2012
524,525,Fantastic Four: Rise of the Silver Surfer,"$301,913,131","$131,921,738",43.7%,"$169,991,393",56.3%,2007
525,526,Hook,"$300,854,823","$119,654,823",39.8%,"$181,200,000",60.2%,1991
526,527,Superman,"$300,478,449","$134,478,449",44.8%,"$166,000,000",55.2%,1978
527,528,Rocky IV,"$300,473,716","$127,873,716",42.6%,"$172,600,000",57.4%,1985
528,529,Rambo: First Blood Part II,"$300,400,432","$150,415,432",50.1%,"$149,985,000",49.9%,1985
529,530,Resident Evil: Afterlife,"$300,228,084","$60,128,566",20%,"$240,099,518",80%,2010
530,531,Van Helsing,"$300,157,638","$120,177,084",40%,"$179,980,554",60%,2004
531,532,Stuart Little,"$300,135,367","$140,035,367",46.7%,"$160,100,000",53.3%,1999
532,533,Beverly Hills Cop II,"$299,965,036","$153,665,036",51.2%,"$146,300,000",48.8%,1987
533,534,Alice Through the Looking Glass,"$299,820,798","$77,041,381",25.7%,"$222,779,417",74.3%,2016
534,535,My Best Friend's Wedding,"$299,288,605","$127,120,029",42.5%,"$172,168,576",57.5%,1997
535,536,Real Steel,"$299,268,508","$85,468,508",28.6%,"$213,800,000",71.4%,2011
536,537,Horton Hears a Who!,"$298,572,799","$154,529,439",51.8%,"$144,043,360",48.2%,2008
537,538,Ocean's Eight,"$297,795,726","$140,295,726",47.1%,"$157,500,000",52.9%,2018
538,539,A Quiet Place Part II,"$297,372,261","$160,072,261",53.8%,"$137,300,000",46.2%,2021
539,540,The Divergent Series: Insurgent,"$297,002,527","$130,179,072",43.8%,"$166,823,455",56.2%,2015
540,541,Look Who's Talking,"$296,999,813","$140,088,813",47.2%,"$156,911,000",52.8%,1989
541,542,Austin Powers in Goldmember,"$296,938,801","$213,307,889",71.8%,"$83,630,912",28.2%,2002
542,543,Ghostbusters,"$296,578,797","$243,578,797",82.1%,"$53,000,000",17.9%,1984
543,544,Miss Peregrine's Home for Peculiar Children,"$296,482,446","$87,242,834",29.4%,"$209,239,612",70.6%,2016
544,545,X-Men,"$296,339,528","$157,299,718",53.1%,"$139,039,810",46.9%,2000
545,546,Ferdinand,"$296,069,199","$84,410,380",28.5%,"$211,658,819",71.5%,2017
546,547,Shutter Island,"$294,805,697","$128,012,934",43.4%,"$166,792,763",56.6%,2010
547,548,Doctor Dolittle,"$294,456,605","$144,156,605",49%,"$150,300,000",51%,1998
548,549,Bee Movie,"$293,514,336","$126,631,277",43.1%,"$166,883,059",56.9%,2007
549,550,Salt,"$293,503,354","$118,311,368",40.3%,"$175,191,986",59.7%,2010
550,551,G-Force,"$292,817,898","$119,436,770",40.8%,"$173,381,128",59.2%,2009
551,552,The Departed,"$291,480,452","$132,399,394",45.4%,"$159,081,058",54.6%,2006
552,553,What Lies Beneath,"$291,420,351","$155,464,351",53.4%,"$135,956,000",46.6%,2000
553,554,Pacific Rim: Uprising,"$290,930,148","$59,874,525",20.6%,"$231,055,623",79.4%,2018
554,555,The Bourne Supremacy,"$290,835,269","$176,241,941",60.6%,"$114,593,328",39.4%,2004
555,556,Sex and the City 2,"$290,745,055","$95,347,692",32.8%,"$195,397,363",67.2%,2010
556,557,Shakespeare in Love,"$289,317,794","$100,317,794",34.7%,"$189,000,000",65.3%,1998
557,558,Divergent,"$288,885,818","$150,947,895",52.2%,"$137,937,923",47.8%,2014
558,559,Coming to America,"$288,752,301","$128,152,301",44.4%,"$160,600,000",55.6%,1988
559,560,Wedding Crashers,"$288,485,135","$209,273,411",72.5%,"$79,211,724",27.5%,2005
560,561,Maze Runner: The Death Cure,"$288,175,335","$58,032,443",20.1%,"$230,142,892",79.9%,2018
561,562,Casper,"$287,928,194","$100,328,194",34.8%,"$187,600,000",65.2%,1995
562,563,American Pie 2,"$287,553,595","$145,103,595",50.5%,"$142,450,000",49.5%,2001
563,564,Elvis,"$287,340,048","$151,040,048",52.6%,"$136,300,000",47.4%,2022
564,565,Pitch Perfect 2,"$287,144,079","$184,296,230",64.2%,"$102,847,849",35.8%,2015
565,566,The Green Mile,"$286,801,374","$136,801,374",47.7%,"$150,000,000",52.3%,1999
566,567,Oblivion,"$286,168,572","$89,107,235",31.1%,"$197,061,337",68.9%,2013
567,568,Elysium,"$286,140,700","$93,050,117",32.5%,"$193,090,583",67.5%,2013
568,569,Lethal Weapon 4,"$285,444,603","$130,444,603",45.7%,"$155,000,000",54.3%,1998
569,570,John Carter,"$284,139,100","$73,078,100",25.7%,"$211,061,000",74.3%,2012
570,571,Turbo,"$282,570,682","$83,028,128",29.4%,"$199,542,554",70.6%,2013
571,572,Paddington,"$282,377,683","$76,271,832",27%,"$206,105,851",73%,2014
572,573,Bridget Jones's Diary,"$281,995,610","$71,543,427",25.4%,"$210,452,183",74.6%,2001
573,574,The Tourist,"$278,780,441","$67,631,157",24.3%,"$211,149,284",75.7%,2010
574,575,Split,"$278,454,417","$138,291,365",49.7%,"$140,163,052",50.3%,2017
575,576,Scary Movie,"$278,019,771","$157,019,771",56.5%,"$121,000,000",43.5%,2000
576,577,xXx,"$277,448,382","$142,109,382",51.2%,"$135,339,000",48.8%,2002
577,578,The Bourne Legacy,"$276,144,750","$113,203,870",41%,"$162,940,880",59%,2012
578,579,Mr. Peabody & Sherman,"$275,698,039","$111,506,430",40.4%,"$164,191,609",59.6%,2014
579,580,Scooby-Doo,"$275,678,613","$153,322,074",55.6%,"$122,356,539",44.4%,2002
580,581,Lincoln,"$275,293,450","$182,207,973",66.2%,"$93,085,477",33.8%,2012
581,582,Lara Croft: Tomb Raider,"$274,703,340","$131,168,070",47.8%,"$143,535,270",52.2%,2001
582,583,Tomb Raider,"$274,650,803","$58,250,803",21.2%,"$216,400,000",78.8%,2018
583,584,The Expendables,"$274,470,394","$103,068,524",37.6%,"$171,401,870",62.4%,2010
584,585,Cloudy with a Chance of Meatballs 2,"$274,325,949","$119,793,567",43.7%,"$154,532,382",56.3%,2013
585,586,The Nutty Professor,"$273,961,019","$128,814,019",47%,"$145,147,000",53%,1996
586,587,Jerry Maguire,"$273,552,592","$153,952,592",56.3%,"$119,600,000",43.7%,1996
587,588,Bad Boys II,"$273,339,556","$138,608,444",50.7%,"$134,731,112",49.3%,2003
588,589,Lilo & Stitch,"$273,144,151","$145,794,338",53.4%,"$127,349,813",46.6%,2002
589,590,The Silence of the Lambs,"$272,742,922","$130,742,922",47.9%,"$142,000,000",52.1%,1991
590,591,Grown Ups,"$271,457,301","$162,001,186",59.7%,"$109,456,115",40.3%,2010
591,592,Neighbors,"$270,665,134","$150,157,400",55.5%,"$120,507,734",44.5%,2014
592,593,The Firm,"$270,248,367","$158,348,367",58.6%,"$111,900,000",41.4%,1993
593,594,We're the Millers,"$269,994,119","$150,394,119",55.7%,"$119,600,000",44.3%,2012
594,595,Gran Torino,"$269,958,228","$148,095,302",54.9%,"$121,862,926",45.1%,2008
595,596,"10,000 BC","$269,784,201","$94,784,201",35.1%,"$175,000,000",64.9%,2008
596,597,American Gangster,"$269,755,430","$130,164,645",48.2%,"$139,590,785",51.8%,2007
597,598,Epic,"$268,426,634","$107,518,682",40.1%,"$160,907,952",59.9%,2013
598,599,Exodus: Gods and Kings,"$268,175,631","$65,014,513",24.2%,"$203,161,118",75.8%,2014
599,600,Blade Runner 2049,"$267,770,708","$92,071,675",34.4%,"$175,699,033",65.6%,2017
600,601,Bambi,"$267,447,150","$102,247,150",38.2%,"$165,200,000",61.8%,1942
601,602,The Princess and the Frog,"$267,045,765","$104,400,899",39.1%,"$162,644,866",60.9%,2009
602,603,Batman Returns,"$266,915,287","$162,924,631",61%,"$103,990,656",39%,1992
603,604,Indecent Proposal,"$266,614,059","$106,614,059",40%,"$160,000,000",60%,1993
604,605,Something's Gotta Give,"$265,328,738","$124,728,738",47%,"$140,600,000",53%,2003
605,606,Bridget Jones: The Edge of Reason,"$265,126,918","$40,226,215",15.2%,"$224,900,703",84.8%,2004
606,607,The Incredible Hulk,"$264,770,996","$134,806,913",50.9%,"$129,964,083",49.1%,2008
607,608,Waterworld,"$264,218,220","$88,246,220",33.4%,"$175,972,000",66.6%,1995
608,609,The Truman Show,"$264,118,201","$125,618,201",47.6%,"$138,500,000",52.4%,1998
609,610,Charlie's Angels,"$264,105,545","$125,305,545",47.4%,"$138,800,000",52.6%,2000
610,611,The Fifth Element,"$263,920,180","$63,820,180",24.2%,"$200,100,000",75.8%,1997
611,612,Jumanji,"$262,821,940","$100,499,940",38.2%,"$162,322,000",61.8%,1995
612,613,Parasite,"$262,676,096","$53,369,749",20.3%,"$209,306,347",79.7%,2019
613,614,Borat,"$262,552,893","$128,505,958",48.9%,"$134,046,935",51.1%,2006
614,615,Robots,"$262,511,490","$128,200,012",48.8%,"$134,311,478",51.2%,2005
615,616,Knight and Day,"$261,989,769","$76,423,035",29.2%,"$185,566,734",70.8%,2008
616,617,Total Recall,"$261,317,921","$119,412,921",45.7%,"$141,905,000",54.3%,1990
617,618,This Is It,"$261,183,588","$72,091,016",27.6%,"$189,092,572",72.4%,2009
618,619,Terminator: Dark Fate,"$261,119,292","$62,253,077",23.8%,"$198,866,215",76.2%,2019
619,620,The Lone Ranger,"$260,502,115","$89,302,115",34.3%,"$171,200,000",65.7%,2013
620,621,Super 8,"$260,095,986","$127,004,179",48.8%,"$133,091,807",51.2%,2011
621,622,Halloween,"$259,939,835","$159,342,015",61.3%,"$100,597,820",38.7%,2018
622,623,Mojin: The Lost Legend,"$259,368,448","$1,243,810",0.5%,"$258,124,638",99.5%,2015
623,624,Charlie's Angels: Full Throttle,"$259,175,788","$100,830,111",38.9%,"$158,345,677",61.1%,2003
624,625,Rush Hour 3,"$258,097,122","$140,125,968",54.3%,"$117,971,154",45.7%,2007
625,626,The Full Monty,"$257,938,649","$45,950,122",17.8%,"$211,988,527",82.2%,1997
626,627,Kung Fu Yoga,"$257,753,889","$362,657",0.1%,"$257,391,232",99.9%,2017
627,628,Annabelle,"$257,589,721","$84,284,252",32.7%,"$173,305,469",67.3%,2014
628,629,Encanto,"$256,786,742","$96,093,622",37.4%,"$160,693,120",62.6%,2021
629,630,The Village,"$256,697,520","$114,197,520",44.5%,"$142,500,000",55.5%,2003
630,631,Lost in Hong Kong,"$256,283,912","$1,302,281",0.5%,"$254,981,631",99.5%,2015
631,632,Erin Brockovich,"$256,271,286","$125,595,205",49%,"$130,676,081",51%,2000
632,633,Us,"$256,067,149","$175,084,580",68.4%,"$80,982,569",31.6%,2019
633,634,Pegasus,"$255,863,112",-,-,"$255,863,112",100%,2019
634,635,Get Out,"$255,745,157","$176,196,665",68.9%,"$79,548,492",31.1%,2016
635,636,Marley & Me,"$255,743,093","$143,153,751",56%,"$112,589,342",44%,2008
636,637,Cliffhanger,"$255,000,211","$84,049,211",33%,"$170,951,000",67%,1993
637,638,Baahubali 2: The Conclusion,"$254,158,390","$20,186,659",7.9%,"$233,971,731",92.1%,2017
638,639,Babe,"$254,134,910","$63,658,910",25%,"$190,476,000",75%,1995
639,640,Men in Black: International,"$253,890,701","$80,001,807",31.5%,"$173,888,894",68.5%,2019
640,641,Wild Hogs,"$253,625,427","$168,273,550",66.4%,"$85,351,877",33.6%,2007
641,642,High School Musical 3: Senior Year,"$252,909,177","$90,559,416",35.8%,"$162,349,761",64.2%,2008
642,643,Hercules,"$252,712,101","$99,112,101",39.2%,"$153,600,000",60.8%,1997
643,644,X-Men: Dark Phoenix,"$252,442,974","$65,845,974",26.1%,"$186,597,000",73.9%,2019
644,645,True Grit,"$252,276,927","$171,243,005",67.9%,"$81,033,922",32.1%,2010
645,646,Dolittle,"$251,410,631","$77,047,065",30.6%,"$174,363,566",69.4%,2020
646,647,Bean,"$251,212,670","$45,319,423",18%,"$205,893,247",82%,1997
647,648,American Hustle,"$251,171,807","$150,117,807",59.8%,"$101,054,000",40.2%,2013
648,649,Enemy of the State,"$250,849,789","$111,549,836",44.5%,"$139,299,953",55.5%,1998
649,650,You've Got Mail,"$250,821,495","$115,821,495",46.2%,"$135,000,000",53.8%,1998
650,651,Eragon,"$250,425,512","$75,030,163",30%,"$175,395,349",70%,2006
651,652,Brother Bear,"$250,397,798","$85,336,277",34.1%,"$165,061,521",65.9%,2003
652,653,The Godfather,"$250,341,816","$136,381,073",54.5%,"$113,960,743",45.5%,1972
653,654,The Mask of Zorro,"$250,288,523","$94,095,523",37.6%,"$156,193,000",62.4%,1998
654,655,The Bad Guys,"$250,162,278","$97,233,630",38.9%,"$152,928,648",61.1%,2022
655,656,The Ring,"$249,348,933","$129,128,133",51.8%,"$120,220,800",48.2%,2002
656,657,The Blair Witch Project,"$248,639,099","$140,539,099",56.5%,"$108,100,000",43.5%,1999
657,658,Unbreakable,"$248,118,121","$95,011,339",38.3%,"$153,106,782",61.7%,2000
658,659,Love Actually,"$247,933,248","$59,696,144",24.1%,"$188,237,104",75.9%,2003
659,660,Journey to the West: The Demons Strike Back,"$247,585,244","$880,346",0.4%,"$246,704,898",99.6%,2017
660,661,Dumb and Dumber,"$247,290,327","$127,190,327",51.4%,"$120,100,000",48.6%,1994
661,662,Glass,"$246,999,039","$111,048,468",45%,"$135,950,571",55%,2019
662,663,Grown Ups 2,"$246,984,278","$133,668,525",54.1%,"$113,315,753",45.9%,2013
663,664,The Peanuts Movie,"$246,233,113","$130,178,411",52.9%,"$116,054,702",47.1%,2015
664,665,Rango,"$245,724,603","$123,477,607",50.2%,"$122,246,996",49.8%,2011
665,666,Four Weddings and a Funeral,"$245,700,832","$52,700,832",21.4%,"$193,000,000",78.6%,1994
666,667,Face/Off,"$245,676,146","$112,276,146",45.7%,"$133,400,000",54.3%,1997
667,668,Teenage Mutant Ninja Turtles: Out of the Shadows,"$245,623,848","$82,051,601",33.4%,"$163,572,247",66.6%,2016
668,669,Dark Shadows,"$245,527,149","$79,727,149",32.5%,"$165,800,000",67.5%,2012
669,670,Hulk,"$245,285,165","$132,177,234",53.9%,"$113,107,931",46.1%,2003
670,671,The Bravest,"$245,179,562","$290,217",0.1%,"$244,889,345",99.9%,2019
671,672,Welcome to the Sticks,"$245,144,417",-,-,"$245,144,417",100%,2008
672,673,Back to the Future Part III,"$245,077,583","$88,277,583",36%,"$156,800,000",64%,1990
673,674,Pixels,"$244,874,809","$78,747,585",32.2%,"$166,127,224",67.8%,2015
674,675,Hercules,"$244,819,862","$72,688,614",29.7%,"$172,131,248",70.3%,2014
675,676,Rush Hour,"$244,721,064","$141,186,864",57.7%,"$103,534,200",42.3%,1998
676,677,Journey to the Center of the Earth,"$244,232,688","$101,704,370",41.6%,"$142,528,318",58.4%,2008
677,678,After Earth,"$243,611,982","$60,522,097",24.8%,"$183,089,885",75.2%,2013
678,679,A Few Good Men,"$243,240,178","$141,340,178",58.1%,"$101,900,000",41.9%,1992
679,680,Cloudy with a Chance of Meatballs,"$243,006,126","$124,870,275",51.4%,"$118,135,851",48.6%,2009
680,681,8 Mile,"$242,875,078","$116,750,901",48.1%,"$126,124,177",51.9%,2002
681,682,Daddy's Home,"$242,786,137","$150,357,137",61.9%,"$92,429,000",38.1%,2015
682,683,RoboCop,"$242,688,965","$58,607,007",24.2%,"$184,081,958",75.8%,2014
683,684,Eraser,"$242,295,562","$101,295,562",41.8%,"$141,000,000",58.2%,1996
684,685,Alien: Covenant,"$240,891,763","$74,262,031",30.8%,"$166,629,732",69.2%,2017
685,686,Sully,"$240,797,623","$125,070,033",51.9%,"$115,727,590",48.1%,2016
686,687,Assassin's Creed,"$240,697,856","$54,647,948",22.7%,"$186,049,908",77.3%,2016
687,688,Click,"$240,685,326","$137,355,633",57.1%,"$103,329,693",42.9%,2006
688,689,Legend of Deification,"$240,646,355","$214,670",<0.1%,"$240,431,685",99.9%,2020
689,690,Planes,"$240,171,783","$90,288,712",37.6%,"$149,883,071",62.4%,2013
690,691,Resident Evil: Retribution,"$240,159,255","$42,345,531",17.6%,"$197,813,724",82.4%,2012
691,692,Die Hard 2,"$240,031,274","$117,540,947",49%,"$122,490,327",51%,1990
692,693,Crocodile Dundee II,"$239,606,210","$109,306,210",45.6%,"$130,300,000",54.4%,1988
693,694,Bullet Train,"$239,268,602","$103,368,602",43.2%,"$135,900,000",56.8%,2022
694,695,Crazy Rich Asians,"$238,843,729","$174,837,452",73.2%,"$64,006,277",26.8%,2018
695,696,Batman & Robin,"$238,235,719","$107,353,792",45.1%,"$130,881,927",54.9%,1997
696,697,Howl's Moving Castle,"$237,536,126","$6,789,268",2.9%,"$230,746,858",97.1%,2004
697,698,Gulliver's Travels,"$237,382,724","$42,779,261",18%,"$194,603,463",82%,2010
698,699,Gone in 60 Seconds,"$237,202,299","$101,648,571",42.8%,"$135,553,728",57.2%,2000
699,700,Saturday Night Fever,"$237,113,184","$94,213,184",39.7%,"$142,900,000",60.3%,1977
700,701,Silver Linings Playbook,"$236,412,453","$132,092,958",55.9%,"$104,319,495",44.1%,2012
701,702,2 Fast 2 Furious,"$236,350,661","$127,154,901",53.8%,"$109,195,760",46.2%,2003
702,703,Hidden Figures,"$235,956,898","$169,607,287",71.9%,"$66,349,611",28.1%,2016
703,704,A.I. Artificial Intelligence,"$235,926,552","$78,616,689",33.3%,"$157,309,863",66.7%,2001
704,705,Dead Poets Society,"$235,860,116","$95,860,116",40.6%,"$140,000,000",59.4%,1989
705,706,Spy,"$235,666,219","$110,825,712",47%,"$124,840,507",53%,2015
706,707,American Pie,"$235,483,004","$102,561,004",43.6%,"$132,922,000",56.4%,1999
707,708,American Reunion,"$234,989,584","$57,011,521",24.3%,"$177,978,063",75.7%,2012
708,709,Big Daddy,"$234,801,895","$163,479,795",69.6%,"$71,322,100",30.4%,1999
709,710,Alvin and the Chipmunks: The Road Chip,"$234,798,636","$85,886,987",36.6%,"$148,911,649",63.4%,2015
710,711,The Imitation Game,"$233,555,708","$91,125,683",39%,"$142,430,025",61%,2014
711,712,Cruella,"$233,503,234","$86,103,234",36.9%,"$147,400,000",63.1%,2021
712,713,The Day the Earth Stood Still,"$233,093,859","$79,366,978",34%,"$153,726,881",66%,2008
713,714,American Wedding,"$232,722,935","$104,565,114",44.9%,"$128,157,821",55.1%,2003
714,715,The Girl with the Dragon Tattoo,"$232,617,430","$102,515,793",44.1%,"$130,101,637",55.9%,2011
715,716,Juno,"$232,372,681","$143,495,265",61.8%,"$88,877,416",38.2%,2007
716,717,Argo,"$232,325,503","$136,025,503",58.6%,"$96,300,000",41.4%,2012
717,718,Mr. Bean's Holiday,"$232,225,908","$33,302,167",14.3%,"$198,923,741",85.7%,2007
718,719,The English Patient,"$231,976,425","$78,676,425",33.9%,"$153,300,000",66.1%,1996
719,720,Sister Act,"$231,605,150","$139,605,150",60.3%,"$92,000,000",39.7%,1992
720,721,Annabelle Comes Home,"$231,252,591","$74,152,591",32.1%,"$157,100,000",67.9%,2019
721,722,Constantine,"$230,884,728","$75,976,178",32.9%,"$154,908,550",67.1%,2005
722,723,Get Smart,"$230,685,453","$130,319,208",56.5%,"$100,366,245",43.5%,2008
723,724,Space Jam,"$230,594,962","$90,594,962",39.3%,"$140,000,000",60.7%,1996
724,725,Life Is Beautiful,"$230,098,753","$57,563,264",25%,"$172,535,489",75%,1998
725,726,The Heat,"$229,930,771","$159,582,188",69.4%,"$70,348,583",30.6%,2013
726,727,Ghostbusters,"$229,147,509","$128,350,574",56%,"$100,796,935",44%,2016
727,728,Ghost Rider,"$228,738,393","$115,802,596",50.6%,"$112,935,797",49.4%,2007
728,729,Goodbye Mr. Loser,"$228,122,928","$1,293,626",0.6%,"$226,829,302",99.4%,2015
729,730,Paddington 2,"$227,994,792","$40,907,738",17.9%,"$187,087,054",82.1%,2017
730,731,Sleepless in Seattle,"$227,927,165","$126,808,165",55.6%,"$101,119,000",44.4%,1993
731,732,Lethal Weapon 2,"$227,853,986","$147,253,986",64.6%,"$80,600,000",35.4%,1989
732,733,The Green Hornet,"$227,817,248","$98,780,042",43.4%,"$129,037,206",56.6%,2011
733,734,Out of Africa,"$227,514,205","$87,071,205",38.3%,"$140,443,000",61.7%,1985
734,735,Elf,"$227,356,156","$178,053,220",78.3%,"$49,302,936",21.7%,2003
735,736,Youth,"$227,091,290","$1,891,956",0.8%,"$225,199,334",99.2%,2017
736,737,Baby Driver,"$226,945,087","$107,825,862",47.5%,"$119,119,225",52.5%,2017
737,738,Immortals,"$226,904,017","$83,504,017",36.8%,"$143,400,000",63.2%,2011
738,739,Taken,"$226,837,760","$145,000,989",63.9%,"$81,836,771",36.1%,2008
739,740,Percy Jackson & the Olympians: The Lightning Thief,"$226,497,209","$88,768,303",39.2%,"$137,728,906",60.8%,2010
740,741,Lightyear,"$226,425,420","$118,307,188",52.2%,"$108,118,232",47.8%,2022
741,742,Hansel & Gretel: Witch Hunters,"$226,349,749","$55,703,475",24.6%,"$170,646,274",75.4%,2013
742,743,Valerian and the City of a Thousand Planets,"$225,973,340","$41,189,488",18.2%,"$184,783,852",81.8%,2017
743,744,Good Will Hunting,"$225,933,435","$138,433,435",61.3%,"$87,500,000",38.7%,1997
744,745,Better Days,"$225,918,798","$1,921,657",0.8%,"$223,997,141",99.2%,2019
745,746,Ford v Ferrari,"$225,508,210","$117,624,357",52.2%,"$107,883,853",47.8%,2019
746,747,Jumper,"$225,132,113","$80,172,128",35.6%,"$144,959,985",64.4%,2008
747,748,The Social Network,"$224,920,375","$96,962,694",43.1%,"$127,957,681",56.9%,2010
748,749,Chicken Run,"$224,874,811","$106,834,564",47.5%,"$118,040,247",52.5%,2000
749,750,Con Air,"$224,012,234","$101,117,573",45.1%,"$122,894,661",54.9%,1997
750,751,Interview with the Vampire: The Vampire Chronicles,"$223,664,608","$105,264,608",47.1%,"$118,400,000",52.9%,1994
751,752,Flightplan,"$223,387,299","$89,707,299",40.2%,"$133,680,000",59.8%,2005
752,753,Yes Man,"$223,241,637","$97,690,976",43.8%,"$125,550,661",56.2%,2008
753,754,Non-Stop,"$222,809,600","$92,168,600",41.4%,"$130,641,000",58.6%,2014
754,755,"Honey, I Shrunk the Kids","$222,724,172","$130,724,172",58.7%,"$92,000,000",41.3%,1989
755,756,Fahrenheit 9/11,"$222,446,882","$119,194,771",53.6%,"$103,252,111",46.4%,2004
756,757,Wild Wild West,"$222,104,681","$113,804,681",51.2%,"$108,300,000",48.8%,1999
757,758,"My Country, My Parents","$221,831,086","$177,133",<0.1%,"$221,653,953",99.9%,2021
758,759,Geostorm,"$221,600,160","$33,700,160",15.2%,"$187,900,000",84.8%,2017
759,760,Presumed Innocent,"$221,303,188","$86,303,188",39%,"$135,000,000",61%,1990
760,761,Jungle Cruise,"$220,889,446","$116,987,516",53%,"$103,901,930",47%,2021
761,762,Scary Movie 3,"$220,673,217","$110,003,217",49.8%,"$110,670,000",50.2%,2003
762,763,Collateral,"$220,239,925","$101,005,703",45.9%,"$119,234,222",54.1%,2004
763,764,Inferno,"$220,021,259","$34,343,574",15.6%,"$185,677,685",84.4%,2016
764,765,Knocked Up,"$219,922,417","$148,768,917",67.6%,"$71,153,500",32.4%,2007
765,766,Green Lantern,"$219,851,172","$116,601,172",53%,"$103,250,000",47%,2011
766,767,What Happens in Vegas,"$219,375,562","$80,277,646",36.6%,"$139,097,916",63.4%,2008
767,768,It's Complicated,"$219,103,655","$112,735,375",51.4%,"$106,368,280",48.6%,2009
768,769,The Terminal,"$219,100,084","$77,872,883",35.5%,"$141,227,201",64.5%,2004
769,770,Little Women,"$218,843,645","$108,101,214",49.4%,"$110,742,431",50.6%,2019
770,771,Captain Phillips,"$218,791,811","$107,100,855",49%,"$111,690,956",51%,2013
771,772,The Prince of Egypt,"$218,613,188","$101,413,188",46.4%,"$117,200,000",53.6%,1998
772,773,Jack Reacher,"$218,340,595","$80,070,736",36.7%,"$138,269,859",63.3%,2012
773,774,Kingdom of Heaven,"$218,122,627","$47,398,413",21.7%,"$170,724,214",78.3%,2005
774,775,The Emoji Movie,"$217,776,646","$86,089,513",39.5%,"$131,687,133",60.5%,2017
775,776,Smile,"$217,408,513","$105,935,048",48.7%,"$111,473,465",51.3%,2022
776,777,Too Cool to Kill,"$217,254,604","$185,882",<0.1%,"$217,068,722",99.9%,2022
777,778,Dracula Untold,"$217,124,280","$56,280,355",25.9%,"$160,843,925",74.1%,2014
778,779,Central Intelligence,"$216,972,543","$127,440,871",58.7%,"$89,531,672",41.3%,2016
779,780,Million Dollar Baby,"$216,763,646","$100,492,203",46.4%,"$116,271,443",53.6%,2004
780,781,The Help,"$216,639,112","$169,708,112",78.3%,"$46,931,000",21.7%,2011
781,782,Twins,"$216,614,388","$111,938,388",51.7%,"$104,676,000",48.3%,1988
782,783,Valentine's Day,"$216,528,528","$110,528,528",51%,"$106,000,000",49%,2010
783,784,Bad Teacher,"$216,197,492","$100,292,856",46.4%,"$115,904,636",53.6%,2011
784,785,A Little Red Flower,"$216,000,000",-,-,"$216,000,000",100%,2020
785,786,The Croods: A New Age,"$215,905,815","$58,568,815",27.1%,"$157,337,000",72.9%,2020
786,787,Clear and Present Danger,"$215,887,717","$122,187,717",56.6%,"$93,700,000",43.4%,1994
787,788,One Hundred and One Dalmatians,"$215,880,014","$144,880,014",67.1%,"$71,000,000",32.9%,1961
788,789,Ted 2,"$215,863,606","$81,476,385",37.7%,"$134,387,221",62.3%,2015
789,790,Dracula,"$215,862,692","$82,522,790",38.2%,"$133,339,902",61.8%,1992
790,791,Vertical Limit,"$215,663,859","$69,243,859",32.1%,"$146,420,000",67.9%,2000
791,792,Ghostbusters II,"$215,394,738","$112,494,738",52.2%,"$102,900,000",47.8%,1989
792,793,The Patriot,"$215,294,342","$113,330,342",52.6%,"$101,964,000",47.4%,2000
793,794,The Sorcerer's Apprentice,"$215,283,742","$63,150,991",29.3%,"$152,132,751",70.7%,2010
794,795,Just Go with It,"$214,945,591","$103,028,109",47.9%,"$111,917,482",52.1%,2011
795,796,The Expendables 3,"$214,657,577","$39,322,544",18.3%,"$175,335,033",81.7%,2014
796,797,Dirty Dancing,"$214,577,242","$64,577,242",30.1%,"$150,000,000",69.9%,1987
797,798,Creed II,"$214,215,889","$115,715,889",54%,"$98,500,000",46%,2018
798,799,Smallfoot,"$214,115,531","$83,315,531",38.9%,"$130,800,000",61.1%,2018
799,800,Public Enemies,"$214,104,620","$97,104,620",45.4%,"$117,000,000",54.6%,2009
800,801,The Bourne Identity,"$214,034,224","$121,661,683",56.8%,"$92,372,541",43.2%,2002
801,802,Disclosure,"$214,015,089","$83,015,089",38.8%,"$131,000,000",61.2%,1994
802,803,Pulp Fiction,"$213,928,762","$107,928,762",50.4%,"$106,000,000",49.6%,1994
803,804,"Crouching Tiger, Hidden Dragon","$213,897,947","$128,451,083",60%,"$85,446,864",40%,2000
804,805,The Aviator,"$213,719,942","$102,610,330",48%,"$111,109,612",52%,2004
805,806,Braveheart,"$213,216,216","$75,609,945",35.5%,"$137,606,271",64.5%,1995
806,807,Into the Woods,"$212,902,372","$128,002,372",60.1%,"$84,900,000",39.9%,2014
807,808,Bedtime Stories,"$212,874,864","$110,101,975",51.7%,"$102,772,889",48.3%,2008
808,809,Miss Congeniality,"$212,742,720","$106,807,667",50.2%,"$105,935,053",49.8%,2000
809,810,Entrapment,"$212,404,396","$87,704,396",41.3%,"$124,700,000",58.7%,1999
810,811,Ace Ventura: When Nature Calls,"$212,385,533","$108,385,533",51%,"$104,000,000",49%,1995
811,812,End of Days,"$211,989,043","$66,889,043",31.6%,"$145,100,000",68.4%,1999
812,813,Bridget Jones's Baby,"$211,952,420","$24,252,420",11.4%,"$187,700,000",88.6%,2016
813,814,Fury,"$211,822,697","$85,817,906",40.5%,"$126,004,791",59.5%,2014
814,815,Battle Los Angeles,"$211,819,354","$83,552,429",39.4%,"$128,266,925",60.6%,2011
815,816,Australia,"$211,787,511","$49,554,002",23.4%,"$162,233,509",76.6%,2008
816,817,Due Date,"$211,780,824","$100,539,043",47.5%,"$111,241,781",52.5%,2010
817,818,Master and Commander: The Far Side of the World,"$211,622,535","$93,927,920",44.4%,"$117,694,615",55.6%,2003
818,819,A Series of Unfortunate Events,"$211,468,235","$118,634,549",56.1%,"$92,833,686",43.9%,2004
819,820,The Little Mermaid,"$211,343,479","$111,543,479",52.8%,"$99,800,000",47.2%,1989
820,821,Nice View,"$211,019,042",-,-,"$211,019,042",100%,2022
821,822,District 9,"$210,888,950","$115,646,235",54.8%,"$95,242,715",45.2%,2009
822,823,Moonraker,"$210,308,099","$70,308,099",33.4%,"$140,000,000",66.6%,1979
823,824,The Others,"$209,947,037","$96,522,687",46%,"$113,424,350",54%,2001
824,825,Horrible Bosses,"$209,838,559","$117,538,559",56%,"$92,300,000",44%,2011
825,826,Us and Them,"$209,221,380",-,-,"$209,221,380",100%,2018
826,827,Red Dragon,"$209,196,298","$93,149,898",44.5%,"$116,046,400",55.5%,2002
827,828,Tomorrowland,"$209,035,668","$93,436,322",44.7%,"$115,599,346",55.3%,2015
828,829,Me Before You,"$208,314,186","$56,245,075",27%,"$152,069,111",73%,2016
829,830,Safe House,"$208,076,205","$126,373,434",60.7%,"$81,702,771",39.3%,2012
830,831,S.W.A.T.,"$207,725,639","$116,934,650",56.3%,"$90,790,989",43.7%,2003
831,832,The Fast and the Furious,"$207,517,509","$144,745,925",69.8%,"$62,771,584",30.2%,2001
832,833,Traffic,"$207,515,725","$124,115,725",59.8%,"$83,400,000",40.2%,2000
833,834,DC League of Super-Pets,"$207,357,117","$93,657,117",45.2%,"$113,700,000",54.8%,2022
834,835,Paranormal Activity 3,"$207,039,844","$104,028,807",50.2%,"$103,011,037",49.8%,2011
835,836,Philadelphia,"$206,678,440","$77,446,440",37.5%,"$129,232,000",62.5%,1993
836,837,The Conjuring: The Devil Made Me Do It,"$206,431,050","$65,631,050",31.8%,"$140,800,000",68.2%,2021
837,838,Sleepy Hollow,"$206,071,502","$101,071,502",49%,"$105,000,000",51%,1999
838,839,The Holiday,"$205,850,169","$63,224,849",30.7%,"$142,625,320",69.3%,2006
839,840,The Jungle Book,"$205,843,612","$141,843,612",68.9%,"$64,000,000",31.1%,1967
840,841,Raging Fire,"$205,842,393","$385,305",0.2%,"$205,457,088",99.8%,2021
841,842,London Has Fallen,"$205,754,447","$62,524,260",30.4%,"$143,230,187",69.6%,2016
842,843,The Break-Up,"$205,668,210","$118,703,275",57.7%,"$86,964,935",42.3%,2006
843,844,Journey to the West,"$205,637,183","$18,058",<0.1%,"$205,619,125",100%,2013
844,845,The Ugly Truth,"$205,599,393","$88,915,214",43.2%,"$116,684,179",56.8%,2009
845,846,JFK,"$205,405,498","$70,405,498",34.3%,"$135,000,000",65.7%,1991
846,847,Birds of Prey,"$205,372,791","$84,172,791",41%,"$121,200,000",59%,2020
847,848,White House Down,"$205,366,737","$73,103,784",35.6%,"$132,262,953",64.4%,2013
848,849,A Dog's Purpose,"$205,035,819","$64,508,620",31.5%,"$140,527,199",68.5%,2017
849,850,Ponyo,"$204,826,668","$15,743,471",7.7%,"$189,083,197",92.3%,2008
850,851,Fun with Dick and Jane,"$204,681,899","$110,332,737",53.9%,"$94,349,162",46.1%,2005
851,852,Eat Pray Love,"$204,594,016","$80,574,010",39.4%,"$124,020,006",60.6%,2010
852,853,The Addams Family,"$204,394,183","$100,723,831",49.3%,"$103,670,352",50.7%,2019
853,854,Ghostbusters: Afterlife,"$204,334,455","$129,360,575",63.3%,"$74,973,880",36.7%,2021
854,855,You Don't Mess with the Zohan,"$204,313,400","$100,018,837",49%,"$104,294,563",51%,2008
855,856,Hairspray,"$203,627,753","$118,946,291",58.4%,"$84,681,462",41.6%,2007
856,857,King Arthur,"$203,567,857","$51,882,244",25.5%,"$151,685,613",74.5%,2004
857,858,Yogi Bear,"$203,509,374","$100,246,011",49.3%,"$103,263,363",50.7%,2010
858,859,Everest,"$203,427,584","$43,482,270",21.4%,"$159,945,314",78.6%,2015
859,860,Vanilla Sky,"$203,388,341","$100,618,344",49.5%,"$102,769,997",50.5%,2001
860,861,Arrival,"$203,388,186","$100,546,139",49.4%,"$102,842,047",50.6%,2016
861,862,Need for Speed,"$203,277,636","$43,577,636",21.4%,"$159,700,000",78.6%,2014
862,863,Garfield,"$203,172,417","$75,369,589",37.1%,"$127,802,828",62.9%,2004
863,864,Patch Adams,"$202,292,902","$135,026,902",66.8%,"$67,266,000",33.2%,1998
864,865,Teenage Mutant Ninja Turtles,"$202,084,756","$135,384,756",67%,"$66,700,000",33%,1990
865,866,Kindergarten Cop,"$201,957,688","$91,457,688",45.3%,"$110,500,000",54.7%,1990
866,867,Straight Outta Compton,"$201,634,991","$161,197,785",80%,"$40,437,206",20%,2015
867,868,21 Jump Street,"$201,585,328","$138,447,667",68.7%,"$63,137,661",31.3%,2012
868,869,Valkyrie,"$201,545,517","$83,077,833",41.2%,"$118,467,684",58.8%,2008
869,870,Open Season,"$200,811,689","$85,105,259",42.4%,"$115,706,430",57.6%,2006
870,871,Cats & Dogs,"$200,687,492","$93,385,515",46.5%,"$107,301,977",53.5%,2001
871,872,The Hunt for Red October,"$200,512,643","$122,012,643",60.8%,"$78,500,000",39.2%,1990
872,873,Percy Jackson: Sea of Monsters,"$199,850,315","$68,559,554",34.3%,"$131,290,761",65.7%,2013
873,874,Two Weeks Notice,"$199,043,471","$93,354,851",46.9%,"$105,688,620",53.1%,2002
874,875,RED,"$199,006,387","$90,380,162",45.4%,"$108,626,225",54.6%,2010
875,876,Shock Wave 2,"$198,921,659",-,-,"$198,921,659",100%,2020
876,877,City of Angels,"$198,685,114","$78,685,114",39.6%,"$120,000,000",60.4%,1998
877,878,The Pacifier,"$198,636,868","$113,086,868",56.9%,"$85,550,000",43.1%,2005
878,879,50 First Dates,"$198,520,934","$120,908,074",60.9%,"$77,612,860",39.1%,2004
879,880,Total Recall,"$198,467,168","$58,877,969",29.7%,"$139,589,199",70.3%,2012
880,881,The Island,"$198,326,350","$670,883",0.3%,"$197,655,467",99.7%,2018
881,882,The Impossible,"$198,087,212","$19,019,882",9.6%,"$179,067,330",90.4%,2012
882,883,Lost in Thailand,"$197,757,387","$57,387",<0.1%,"$197,700,000",100%,2012
883,884,Christopher Robin,"$197,744,377","$99,215,042",50.2%,"$98,529,335",49.8%,2018
884,885,Jack the Giant Slayer,"$197,687,603","$65,187,603",33%,"$132,500,000",67%,2013
885,886,Smurfs: The Lost Village,"$197,183,546","$45,020,282",22.8%,"$152,163,264",77.2%,2017
886,887,Chinese Doctors,"$197,143,218",-,-,"$197,143,218",100%,2021
887,888,Spy Kids 3: Game Over,"$197,101,678","$111,761,982",56.7%,"$85,339,696",43.3%,2003
888,889,Panic Room,"$197,079,546","$96,397,334",48.9%,"$100,682,212",51.1%,2002
889,890,The Other Woman,"$196,710,396","$83,911,193",42.7%,"$112,799,203",57.3%,2014
890,891,Stargate,"$196,567,262","$71,567,262",36.4%,"$125,000,000",63.6%,1994
891,892,Beowulf,"$196,393,745","$82,280,579",41.9%,"$114,113,166",58.1%,2007
892,893,The Vow,"$196,114,570","$125,014,030",63.8%,"$71,100,540",36.2%,2012
893,894,Anger Management,"$195,745,823","$135,645,823",69.3%,"$60,100,000",30.7%,2003
894,895,Tropic Thunder,"$195,702,963","$110,515,313",56.5%,"$85,187,650",43.5%,2008
895,896,The Shape of Water,"$195,333,312","$63,859,435",32.7%,"$131,473,877",67.3%,2017
896,897,Rocketman,"$195,320,400","$96,368,160",49.3%,"$98,952,240",50.7%,2019
897,898,The Pelican Brief,"$195,268,056","$100,768,056",51.6%,"$94,500,000",48.4%,1993
898,899,The BFG,"$195,243,411","$55,483,770",28.4%,"$139,759,641",71.6%,2016
899,900,Downton Abbey,"$194,694,725","$96,853,865",49.8%,"$97,840,860",50.2%,2019
900,901,The Intern,"$194,564,672","$75,764,672",38.9%,"$118,800,000",61.1%,2015
901,902,The Curse of the Were-Rabbit,"$194,137,091","$56,110,897",28.9%,"$138,026,194",71.1%,2005
902,903,Gnomeo & Juliet,"$193,967,670","$99,967,670",51.5%,"$94,000,000",48.5%,2011
903,904,The Sum of All Fears,"$193,921,372","$118,907,036",61.3%,"$75,014,336",38.7%,2002
904,905,Gangs of New York,"$193,772,504","$77,812,000",40.2%,"$115,960,504",59.8%,2002
905,906,The Post,"$193,764,664","$81,903,458",42.3%,"$111,861,206",57.7%,2017
906,907,The Monkey King 2,"$193,678,298","$709,982",0.4%,"$192,968,316",99.6%,2016
907,908,Paranormal Activity,"$193,355,800","$107,918,810",55.8%,"$85,436,990",44.2%,2009
908,909,Weathering with You,"$193,326,717","$8,056,636",4.2%,"$185,270,081",95.8%,2019
909,910,The Lost City,"$192,907,684","$105,344,029",54.6%,"$87,563,655",45.4%,2022
910,911,The Lego Movie 2: The Second Part,"$192,456,290","$105,956,290",55%,"$86,500,000",45%,2019
911,912,The Equalizer,"$192,330,738","$101,530,738",52.8%,"$90,800,000",47.2%,2014
912,913,Sheep Without a Shepherd,"$191,602,146",-,-,"$191,602,146",100%,2019
913,914,The Addams Family,"$191,502,426","$113,502,426",59.3%,"$78,000,000",40.7%,1991
914,915,The Longest Yard,"$191,466,556","$158,119,460",82.6%,"$33,347,096",17.4%,2005
915,916,The Santa Clause,"$190,539,357","$145,539,357",76.4%,"$45,000,000",23.6%,1994
916,917,Cheaper by the Dozen,"$190,538,630","$138,614,544",72.8%,"$51,924,086",27.2%,2003
917,918,The Equalizer 2,"$190,400,157","$102,084,362",53.6%,"$88,315,795",46.4%,2018
918,919,Abominable,"$190,304,772","$61,270,390",32.2%,"$129,034,382",67.8%,2019
919,920,Hollow Man,"$190,213,455","$73,209,340",38.5%,"$117,004,115",61.5%,2000
920,921,Outbreak,"$189,859,560","$67,659,560",35.6%,"$122,200,000",64.4%,1995
921,922,The White Storm 2: Drug Lords,"$189,396,380","$609,461",0.3%,"$188,786,919",99.7%,2019
922,923,The X Files,"$189,176,423","$83,898,313",44.4%,"$105,278,110",55.6%,1998
923,924,Breakup Buddies,"$189,017,596","$777,896",0.4%,"$188,239,700",99.6%,2014
924,925,Rambo III,"$189,015,611","$53,715,611",28.4%,"$135,300,000",71.6%,1988
925,926,The Secret Life of Walter Mitty,"$188,133,322","$58,236,838",31%,"$129,896,484",69%,2013
926,927,Project Gutenberg,"$188,116,796",-,-,"$188,116,796",100%,2018
927,928,Jaws 2,"$187,884,007","$81,766,007",43.5%,"$106,118,000",56.5%,1978
928,929,12 Years a Slave,"$187,733,202","$56,671,993",30.2%,"$131,061,209",69.8%,2013
929,930,Heat,"$187,436,818","$67,436,818",36%,"$120,000,000",64%,1995
930,931,Mr. Popper's Penguins,"$187,361,754","$68,224,452",36.4%,"$119,137,302",63.6%,2011
931,932,The Grudge,"$187,281,115","$110,359,362",58.9%,"$76,921,753",41.1%,2004
932,933,I Now Pronounce You Chuck & Larry,"$187,134,117","$120,059,556",64.2%,"$67,074,561",35.8%,2007
933,934,One Piece Film: Red,"$187,100,975","$12,775,324",6.8%,"$174,325,651",93.2%,2022
934,935,The Horse Whisperer,"$186,883,563","$75,383,563",40.3%,"$111,500,000",59.7%,1998
935,936,Walk the Line,"$186,797,986","$119,519,402",64%,"$67,278,584",36%,2005
936,937,Jian Bing Man,"$186,699,768",-,-,"$186,699,768",100%,2015
937,938,The Jungle Book 2,"$186,303,759","$47,901,582",25.7%,"$138,402,177",74.3%,2003
938,939,The Final Destination,"$186,167,139","$66,477,700",35.7%,"$119,689,439",64.3%,2009
939,940,Atlantis: The Lost Empire,"$186,053,725","$84,056,472",45.2%,"$101,997,253",54.8%,2001
940,941,Inside Man,"$186,003,591","$88,513,495",47.6%,"$97,490,096",52.4%,2006
941,942,The Waterboy,"$185,991,646","$161,491,646",86.8%,"$24,500,000",13.2%,1998
942,943,Hugo,"$185,770,310","$73,864,507",39.8%,"$111,905,803",60.2%,2011
943,944,Pitch Perfect 3,"$185,400,345","$104,897,530",56.6%,"$80,502,815",43.4%,2017
944,945,Watchmen,"$185,382,813","$107,509,799",58%,"$77,873,014",42%,2009
945,946,The Birdcage,"$185,260,553","$124,060,553",67%,"$61,200,000",33%,1996
946,947,Moulin Rouge!,"$184,935,320","$57,386,607",31%,"$127,548,713",69%,2001
947,948,Snow White and the Seven Dwarfs,"$184,925,486","$184,925,486",100%,$0,-,1937
948,949,Hop,"$184,367,145","$108,498,305",58.8%,"$75,868,840",41.2%,2011
949,950,Bad Moms,"$183,936,074","$113,257,297",61.6%,"$70,678,777",38.4%,2016
950,951,Jupiter Ascending,"$183,887,723","$47,387,723",25.8%,"$136,500,000",74.2%,2015
951,952,Knowing,"$183,658,498","$79,957,634",43.5%,"$103,700,864",56.5%,2007
952,953,102 Dalmatians,"$183,611,771","$66,957,026",36.5%,"$116,654,745",63.5%,2000
953,954,Storks,"$183,510,278","$72,800,603",39.7%,"$110,709,675",60.3%,2016
954,955,Stand by Me Doraemon,"$183,442,714",-,-,"$183,442,714",100%,2014
955,956,The Hitman's Bodyguard,"$183,428,689","$75,468,583",41.1%,"$107,960,106",58.9%,2017
956,957,Paul Blart: Mall Cop,"$183,348,429","$146,336,178",79.8%,"$37,012,251",20.2%,2009
957,958,Wayne's World,"$183,097,323","$121,697,323",66.5%,"$61,400,000",33.5%,1992
958,959,Maverick,"$183,031,272","$101,631,272",55.5%,"$81,400,000",44.5%,1994
959,960,Mirror Mirror,"$183,018,522","$64,935,167",35.5%,"$118,083,355",64.5%,2012
960,961,The Man in the Iron Mask,"$182,968,902","$56,968,902",31.1%,"$126,000,000",68.9%,1998
961,962,Cape Fear,"$182,291,969","$79,091,969",43.4%,"$103,200,000",56.6%,1991
962,963,The Haunted Mansion,"$182,290,266","$75,847,266",41.6%,"$106,443,000",58.4%,2003
963,964,The Monkey King Havoc in Heavens Palace,"$182,206,924",-,-,"$182,206,924",100%,2014
964,965,While You Were Sleeping,"$182,057,016","$81,057,016",44.5%,"$101,000,000",55.5%,1995
965,966,The Bridges of Madison County,"$182,016,617","$71,516,617",39.3%,"$110,500,000",60.7%,1995
966,967,From Vegas to Macau III,"$181,732,879",-,-,"$181,732,879",100%,2016
967,968,Poseidon,"$181,674,817","$60,674,817",33.4%,"$121,000,000",66.6%,2006
968,969,The First Wives Club,"$181,489,203","$105,489,203",58.1%,"$76,000,000",41.9%,1996
969,970,Cliff Walkers,"$181,325,565","$152,972",<0.1%,"$181,172,593",99.9%,2021
970,971,Scooby-Doo 2: Monsters Unleashed,"$181,239,132","$84,239,132",46.5%,"$97,000,000",53.5%,2004
971,972,Hot Shots!,"$181,096,164","$69,467,617",38.4%,"$111,628,547",61.6%,1991
972,973,Road to Perdition,"$181,001,478","$104,454,762",57.7%,"$76,546,716",42.3%,2002
973,974,Kill Bill: Vol. 1,"$180,906,076","$70,099,045",38.8%,"$110,807,031",61.2%,2003
974,975,The Scorpion King,"$180,630,907","$91,047,077",50.4%,"$89,583,830",49.6%,2002
975,976,Sweet Home Alabama,"$180,622,424","$127,223,418",70.4%,"$53,399,006",29.6%,2002
976,977,Daddy's Home 2,"$180,613,824","$104,029,443",57.6%,"$76,584,381",42.4%,2017
977,978,Hacksaw Ridge,"$180,563,636","$67,209,615",37.2%,"$113,354,021",62.8%,2016
978,979,Deja Vu,"$180,557,550","$64,038,616",35.5%,"$116,518,934",64.5%,2006
979,980,Dangerous Minds,"$179,519,401","$84,919,401",47.3%,"$94,600,000",52.7%,1995
980,981,The Dictator,"$179,379,533","$59,650,222",33.2%,"$119,729,311",66.8%,2012
981,982,The League of Extraordinary Gentlemen,"$179,265,204","$66,465,204",37.1%,"$112,800,000",62.9%,2003
982,983,Allegiant,"$179,246,868","$66,184,051",36.9%,"$113,062,817",63.1%,2016
983,984,Daredevil,"$179,179,718","$102,543,518",57.2%,"$76,636,200",42.8%,2003
984,985,City Slickers,"$179,033,791","$124,033,791",69.3%,"$55,000,000",30.7%,1991
985,986,He's Just Not That Into You,"$178,866,158","$93,953,653",52.5%,"$84,912,505",47.5%,2009
986,987,Eagle Eye,"$178,767,383","$101,440,743",56.7%,"$77,326,640",43.3%,2008
987,988,Along Came Polly,"$178,311,729","$88,097,164",49.4%,"$90,214,565",50.6%,2004
988,989,Flushed Away,"$178,281,554","$64,665,672",36.3%,"$113,615,882",63.7%,2006
989,990,Scary Movie 4,"$178,262,620","$90,710,620",50.9%,"$87,552,000",49.1%,2006
990,991,Dante's Peak,"$178,127,760","$67,127,760",37.7%,"$111,000,000",62.3%,1997
991,992,Brokeback Mountain,"$178,062,759","$83,043,761",46.6%,"$95,018,998",53.4%,2005
992,993,Patriot Games,"$178,051,587","$83,351,587",46.8%,"$94,700,000",53.2%,1992
993,994,Flubber,"$177,977,226","$92,977,226",52.2%,"$85,000,000",47.8%,1997
994,995,Baywatch,"$177,856,751","$58,060,186",32.6%,"$119,796,565",67.4%,2017
995,996,Double Jeopardy,"$177,841,558","$116,741,558",65.6%,"$61,100,000",34.4%,1999
996,997,War Horse,"$177,584,879","$79,884,879",45%,"$97,700,000",55%,2011
997,998,Paranormal Activity 2,"$177,512,032","$84,752,907",47.7%,"$92,759,125",52.3%,2010
998,999,How to Lose a Guy in 10 Days,"$177,502,387","$105,813,373",59.6%,"$71,689,014",40.4%,2003
999,"1,000",Alien vs. Predator,"$177,427,090","$80,282,231",45.2%,"$97,144,859",54.8%,2004
